ID_partida,Tipo_IA,Puntuacion_Final,Resultado,Cartas,Plantado
1,IA_facil,17,Derrota,4,True
1,IA_medio,17,Derrota,6,True
1,IA_dificil,20,Victoria,5,True
2,IA_facil,15,Derrota,4,False
2,IA_medio,21,Victoria,4,False
2,IA_dificil,11,Derrota,3,False
3,IA_facil,17,Derrota,6,True
3,IA_medio,17,Derrota,7,True
3,IA_dificil,19,Victoria,5,True
4,IA_facil,18,Derrota,5,True
4,IA_medio,18,Derrota,5,True
4,IA_dificil,21,Victoria,6,False
5,IA_facil,19,Victoria,4,True
5,IA_medio,17,Derrota,4,True
5,IA_dificil,18,Derrota,4,True
6,IA_facil,19,Victoria,5,True
6,IA_medio,18,Derrota,6,True
6,IA_dificil,22,Derrota,4,True
7,IA_facil,12,Derrota,4,False
7,IA_medio,16,Derrota,4,False
7,IA_dificil,21,Victoria,4,False
8,IA_facil,22,Derrota,6,True
8,IA_medio,17,Empate,8,True
8,IA_dificil,17,Empate,4,True
9,IA_facil,20,Victoria,4,True
9,IA_medio,19,Derrota,6,True
9,IA_dificil,19,Derrota,7,True
10,IA_facil,11,Derrota,5,False
10,IA_medio,18,Derrota,4,True
10,IA_dificil,21,Victoria,5,False
11,IA_facil,19,Victoria,5,True
11,IA_medio,18,Derrota,5,True
11,IA_dificil,18,Derrota,7,True
12,IA_facil,21,Victoria,5,False
12,IA_medio,15,Derrota,4,False
12,IA_dificil,8,Derrota,4,False
13,IA_facil,21,Victoria,6,False
13,IA_medio,15,Derrota,5,False
13,IA_dificil,20,Derrota,4,True
14,IA_facil,21,Victoria,5,False
14,IA_medio,13,Derrota,4,False
14,IA_dificil,18,Derrota,4,False
15,IA_facil,21,Victoria,5,False
15,IA_medio,13,Derrota,4,False
15,IA_dificil,18,Derrota,4,False
16,IA_facil,13,Derrota,4,False
16,IA_medio,14,Derrota,4,False
16,IA_dificil,21,Victoria,4,False
17,IA_facil,21,Victoria,4,False
17,IA_medio,13,Derrota,3,False
17,IA_dificil,10,Derrota,3,False
18,IA_facil,17,Derrota,6,True
18,IA_medio,22,Derrota,5,True
18,IA_dificil,19,Victoria,7,True
19,IA_facil,20,Empate,6,True
19,IA_medio,20,Empate,5,True
19,IA_dificil,18,Derrota,6,True
20,IA_facil,20,Victoria,4,True
20,IA_medio,22,Derrota,7,True
20,IA_dificil,17,Derrota,6,True
21,IA_facil,17,Derrota,4,True
21,IA_medio,18,Derrota,6,True
21,IA_dificil,19,Victoria,6,True
22,IA_facil,17,Derrota,6,True
22,IA_medio,18,Victoria,6,True
22,IA_dificil,17,Derrota,9,True
23,IA_facil,20,Victoria,6,True
23,IA_medio,17,Derrota,5,True
23,IA_dificil,18,Derrota,7,True
24,IA_facil,17,Derrota,4,True
24,IA_medio,20,Victoria,4,True
24,IA_dificil,18,Derrota,4,True
25,IA_facil,17,Derrota,4,True
25,IA_medio,20,Empate,4,True
25,IA_dificil,20,Empate,4,True
26,IA_facil,17,Derrota,5,False
26,IA_medio,12,Derrota,5,False
26,IA_dificil,21,Victoria,5,False
27,IA_facil,19,Empate,4,True
27,IA_medio,18,Derrota,6,True
27,IA_dificil,19,Empate,4,True
28,IA_facil,21,Victoria,6,False
28,IA_medio,12,Derrota,5,False
28,IA_dificil,14,Derrota,5,False
29,IA_facil,18,Victoria,5,True
29,IA_medio,17,Derrota,6,True
29,IA_dificil,17,Derrota,6,True
30,IA_facil,20,Victoria,5,False
30,IA_medio,19,Derrota,4,True
30,IA_dificil,17,Derrota,3,True
31,IA_facil,17,Derrota,5,True
31,IA_medio,19,Victoria,4,True
31,IA_dificil,17,Derrota,5,True
32,IA_facil,17,Empate,5,True
32,IA_medio,22,Derrota,8,True
32,IA_dificil,17,Empate,4,True
33,IA_facil,19,Victoria,5,False
33,IA_medio,17,Derrota,4,True
33,IA_dificil,17,Derrota,4,True
34,IA_facil,19,Derrota,6,True
34,IA_medio,19,Derrota,7,True
34,IA_dificil,20,Victoria,5,True
35,IA_facil,21,Victoria,5,False
35,IA_medio,11,Derrota,4,False
35,IA_dificil,18,Derrota,4,False
36,IA_facil,20,Empate,5,True
36,IA_medio,20,Empate,6,True
36,IA_dificil,22,Derrota,5,True
37,IA_facil,18,Derrota,8,True
37,IA_medio,17,Derrota,5,True
37,IA_dificil,19,Victoria,4,True
38,IA_facil,19,Derrota,5,True
38,IA_medio,18,Derrota,4,True
38,IA_dificil,20,Victoria,6,False
39,IA_facil,17,Derrota,6,True
39,IA_medio,19,Empate,4,True
39,IA_dificil,19,Empate,4,True
40,IA_facil,19,Derrota,5,True
40,IA_medio,20,Victoria,7,False
40,IA_dificil,17,Derrota,6,True
41,IA_facil,18,Derrota,5,True
41,IA_medio,19,Empate,5,True
41,IA_dificil,19,Empate,5,True
42,IA_facil,17,Derrota,4,True
42,IA_medio,19,Derrota,5,True
42,IA_dificil,20,Victoria,8,False
43,IA_facil,17,Derrota,4,False
43,IA_medio,21,Victoria,4,False
43,IA_dificil,11,Derrota,3,False
44,IA_facil,17,Derrota,6,True
44,IA_medio,17,Derrota,4,True
44,IA_dificil,19,Victoria,5,True
45,IA_facil,17,Derrota,6,False
45,IA_medio,21,Victoria,6,False
45,IA_dificil,18,Derrota,5,False
46,IA_facil,22,Derrota,7,True
46,IA_medio,18,Derrota,4,True
46,IA_dificil,19,Victoria,5,True
47,IA_facil,20,Empate,5,True
47,IA_medio,18,Derrota,6,True
47,IA_dificil,20,Empate,5,True
48,IA_facil,18,Derrota,4,True
48,IA_medio,18,Derrota,5,True
48,IA_dificil,20,Victoria,6,False
49,IA_facil,16,Derrota,5,False
49,IA_medio,21,Victoria,5,False
49,IA_dificil,14,Derrota,4,False
50,IA_facil,20,Victoria,5,True
50,IA_medio,17,Derrota,4,True
50,IA_dificil,18,Derrota,5,True
51,IA_facil,21,Victoria,5,False
51,IA_medio,11,Derrota,4,False
51,IA_dificil,13,Derrota,4,False
52,IA_facil,19,Derrota,4,True
52,IA_medio,14,Derrota,6,False
52,IA_dificil,21,Victoria,6,False
53,IA_facil,17,Derrota,4,True
53,IA_medio,22,Derrota,6,True
53,IA_dificil,18,Victoria,5,True
54,IA_facil,13,Derrota,4,False
54,IA_medio,21,Victoria,4,False
54,IA_dificil,12,Derrota,3,False
55,IA_facil,21,Victoria,5,False
55,IA_medio,13,Derrota,4,False
55,IA_dificil,10,Derrota,4,False
56,IA_facil,17,Derrota,6,True
56,IA_medio,18,Victoria,4,True
56,IA_dificil,22,Derrota,4,True
57,IA_facil,20,Victoria,4,True
57,IA_medio,18,Derrota,4,True
57,IA_dificil,17,Derrota,6,True
58,IA_facil,17,Derrota,5,True
58,IA_medio,17,Derrota,4,True
58,IA_dificil,18,Victoria,4,True
59,IA_facil,14,Derrota,5,False
59,IA_medio,21,Victoria,5,False
59,IA_dificil,17,Derrota,4,False
60,IA_facil,18,Derrota,6,True
60,IA_medio,19,Empate,7,True
60,IA_dificil,19,Empate,7,True
61,IA_facil,16,Derrota,5,False
61,IA_medio,21,Victoria,5,False
61,IA_dificil,15,Derrota,4,False
62,IA_facil,19,Victoria,7,False
62,IA_medio,17,Derrota,4,True
62,IA_dificil,17,Derrota,5,True
63,IA_facil,19,Victoria,4,True
63,IA_medio,22,Derrota,5,True
63,IA_dificil,18,Derrota,4,True
64,IA_facil,20,Empate,5,True
64,IA_medio,17,Derrota,4,True
64,IA_dificil,20,Empate,6,False
65,IA_facil,18,Derrota,4,True
65,IA_medio,19,Empate,5,True
65,IA_dificil,19,Empate,5,True
66,IA_facil,19,Empate,5,True
66,IA_medio,19,Empate,6,False
66,IA_dificil,17,Derrota,3,True
67,IA_facil,20,Victoria,8,False
67,IA_medio,17,Derrota,4,True
67,IA_dificil,17,Derrota,4,True
68,IA_facil,19,Derrota,5,True
68,IA_medio,17,Derrota,6,True
68,IA_dificil,20,Victoria,6,True
69,IA_facil,19,Victoria,7,False
69,IA_medio,18,Derrota,5,True
69,IA_dificil,17,Derrota,6,True
70,IA_facil,19,Derrota,4,True
70,IA_medio,18,Derrota,4,True
70,IA_dificil,21,Victoria,8,False
71,IA_facil,17,Derrota,3,True
71,IA_medio,17,Derrota,4,True
71,IA_dificil,21,Victoria,5,False
72,IA_facil,18,Victoria,4,True
72,IA_medio,17,Derrota,5,True
72,IA_dificil,17,Derrota,5,True
73,IA_facil,18,Derrota,7,True
73,IA_medio,20,Victoria,6,True
73,IA_dificil,17,Derrota,4,True
74,IA_facil,18,Empate,5,True
74,IA_medio,17,Derrota,5,True
74,IA_dificil,18,Empate,7,False
75,IA_facil,17,Derrota,6,True
75,IA_medio,17,Derrota,5,True
75,IA_dificil,20,Victoria,5,True
76,IA_facil,18,Empate,4,True
76,IA_medio,17,Derrota,4,True
76,IA_dificil,18,Empate,6,False
77,IA_facil,19,Derrota,6,False
77,IA_medio,18,Derrota,3,True
77,IA_dificil,21,Victoria,6,False
78,IA_facil,19,Victoria,6,True
78,IA_medio,17,Derrota,7,True
78,IA_dificil,18,Derrota,5,True
79,IA_facil,18,Derrota,5,True
79,IA_medio,19,Victoria,5,True
79,IA_dificil,17,Derrota,6,True
80,IA_facil,19,Derrota,7,True
80,IA_medio,17,Derrota,5,True
80,IA_dificil,20,Victoria,7,True
81,IA_facil,18,Derrota,5,True
81,IA_medio,20,Victoria,4,True
81,IA_dificil,17,Derrota,4,True
82,IA_facil,22,Derrota,7,True
82,IA_medio,17,Empate,7,True
82,IA_dificil,17,Empate,5,True
83,IA_facil,20,Victoria,6,False
83,IA_medio,17,Derrota,5,True
83,IA_dificil,18,Derrota,5,True
84,IA_facil,20,Victoria,4,True
84,IA_medio,17,Derrota,7,True
84,IA_dificil,18,Derrota,6,True
85,IA_facil,21,Victoria,4,False
85,IA_medio,7,Derrota,3,False
85,IA_dificil,8,Derrota,3,False
86,IA_facil,17,Derrota,5,True
86,IA_medio,19,Victoria,5,True
86,IA_dificil,18,Derrota,5,True
87,IA_facil,15,Derrota,5,False
87,IA_medio,10,Derrota,5,False
87,IA_dificil,21,Victoria,5,False
88,IA_facil,18,Victoria,4,True
88,IA_medio,17,Derrota,7,True
88,IA_dificil,17,Derrota,6,True
89,IA_facil,20,Empate,7,True
89,IA_medio,22,Derrota,6,True
89,IA_dificil,20,Empate,8,True
90,IA_facil,17,Derrota,5,True
90,IA_medio,17,Derrota,4,True
90,IA_dificil,19,Victoria,6,False
91,IA_facil,20,Victoria,6,False
91,IA_medio,18,Derrota,5,True
91,IA_dificil,19,Derrota,5,True
92,IA_facil,19,Empate,6,False
92,IA_medio,19,Empate,4,True
92,IA_dificil,17,Derrota,4,True
93,IA_facil,21,Victoria,6,False
93,IA_medio,19,Derrota,4,True
93,IA_dificil,13,Derrota,5,False
94,IA_facil,17,Derrota,6,False
94,IA_medio,17,Derrota,5,True
94,IA_dificil,21,Victoria,6,False
95,IA_facil,18,Derrota,9,True
95,IA_medio,19,Victoria,4,True
95,IA_dificil,18,Derrota,4,True
96,IA_facil,19,Empate,6,True
96,IA_medio,18,Derrota,7,True
96,IA_dificil,19,Empate,6,True
97,IA_facil,20,Empate,6,True
97,IA_medio,17,Derrota,6,True
97,IA_dificil,20,Empate,6,True
98,IA_facil,17,Derrota,5,True
98,IA_medio,19,Empate,5,True
98,IA_dificil,19,Empate,5,True
99,IA_facil,19,Derrota,4,True
99,IA_medio,20,Victoria,7,False
99,IA_dificil,19,Derrota,6,True
100,IA_facil,18,Derrota,6,True
100,IA_medio,20,Victoria,8,False
100,IA_dificil,17,Derrota,4,True
101,IA_facil,20,Derrota,5,True
101,IA_medio,16,Derrota,6,False
101,IA_dificil,21,Victoria,6,False
102,IA_facil,19,Empate,6,False
102,IA_medio,19,Empate,4,True
102,IA_dificil,17,Derrota,5,True
103,IA_facil,17,Empate,5,True
103,IA_medio,17,Empate,4,True
103,IA_dificil,22,Derrota,7,True
104,IA_facil,18,Derrota,5,True
104,IA_medio,17,Derrota,4,True
104,IA_dificil,20,Victoria,5,True
105,IA_facil,15,Derrota,6,False
105,IA_medio,17,Derrota,4,True
105,IA_dificil,21,Victoria,6,False
106,IA_facil,18,Derrota,5,True
106,IA_medio,19,Victoria,7,True
106,IA_dificil,22,Derrota,6,True
107,IA_facil,18,Empate,7,False
107,IA_medio,17,Derrota,6,True
107,IA_dificil,18,Empate,4,True
108,IA_facil,17,Derrota,7,True
108,IA_medio,19,Victoria,4,True
108,IA_dificil,18,Derrota,4,True
109,IA_facil,19,Victoria,8,False
109,IA_medio,17,Derrota,4,True
109,IA_dificil,17,Derrota,4,True
110,IA_facil,19,Empate,5,True
110,IA_medio,19,Empate,6,True
110,IA_dificil,22,Derrota,6,True
111,IA_facil,18,Victoria,5,True
111,IA_medio,17,Derrota,4,True
111,IA_dificil,17,Derrota,5,True
112,IA_facil,20,Victoria,6,False
112,IA_medio,17,Derrota,4,True
112,IA_dificil,17,Derrota,3,True
113,IA_facil,20,Empate,4,True
113,IA_medio,19,Derrota,5,True
113,IA_dificil,20,Empate,5,True
114,IA_facil,17,Derrota,5,True
114,IA_medio,18,Derrota,5,True
114,IA_dificil,19,Victoria,7,False
115,IA_facil,22,Derrota,5,True
115,IA_medio,19,Victoria,7,True
115,IA_dificil,17,Derrota,8,True
116,IA_facil,17,Derrota,7,True
116,IA_medio,20,Victoria,5,True
116,IA_dificil,17,Derrota,6,True
117,IA_facil,18,Empate,5,True
117,IA_medio,22,Derrota,5,True
117,IA_dificil,18,Empate,6,True
118,IA_facil,22,Derrota,4,True
118,IA_medio,18,Empate,6,True
118,IA_dificil,18,Empate,5,True
119,IA_facil,20,Victoria,8,False
119,IA_medio,19,Derrota,5,True
119,IA_dificil,19,Derrota,4,True
120,IA_facil,19,Victoria,4,True
120,IA_medio,17,Derrota,7,True
120,IA_dificil,22,Derrota,5,True
121,IA_facil,20,Victoria,6,True
121,IA_medio,18,Derrota,5,True
121,IA_dificil,17,Derrota,7,True
122,IA_facil,17,Derrota,6,False
122,IA_medio,17,Derrota,4,True
122,IA_dificil,21,Victoria,6,False
123,IA_facil,20,Derrota,6,False
123,IA_medio,21,Victoria,6,False
123,IA_dificil,18,Derrota,4,True
124,IA_facil,17,Derrota,3,True
124,IA_medio,19,Victoria,4,False
124,IA_dificil,17,Derrota,3,True
125,IA_facil,18,Derrota,5,True
125,IA_medio,17,Derrota,3,True
125,IA_dificil,19,Victoria,4,True
126,IA_facil,21,Victoria,5,False
126,IA_medio,13,Derrota,4,False
126,IA_dificil,18,Derrota,4,False
127,IA_facil,20,Derrota,6,False
127,IA_medio,21,Victoria,6,False
127,IA_dificil,19,Derrota,5,False
128,IA_facil,22,Derrota,4,True
128,IA_medio,21,Victoria,5,False
128,IA_dificil,17,Derrota,4,False
129,IA_facil,18,Derrota,4,True
129,IA_medio,19,Victoria,5,True
129,IA_dificil,17,Derrota,6,True
130,IA_facil,17,Derrota,7,True
130,IA_medio,19,Victoria,7,True
130,IA_dificil,18,Derrota,6,True
131,IA_facil,10,Derrota,4,False
131,IA_medio,21,Victoria,4,False
131,IA_dificil,8,Derrota,3,False
132,IA_facil,19,Victoria,4,True
132,IA_medio,17,Derrota,5,True
132,IA_dificil,17,Derrota,5,True
133,IA_facil,20,Victoria,7,False
133,IA_medio,19,Derrota,4,True
133,IA_dificil,17,Derrota,3,True
134,IA_facil,17,Derrota,5,True
134,IA_medio,18,Victoria,7,False
134,IA_dificil,17,Derrota,5,True
135,IA_facil,18,Derrota,3,True
135,IA_medio,11,Derrota,4,False
135,IA_dificil,21,Victoria,4,False
136,IA_facil,18,Derrota,5,True
136,IA_medio,19,Victoria,7,True
136,IA_dificil,22,Derrota,6,True
137,IA_facil,19,Empate,6,True
137,IA_medio,19,Empate,5,True
137,IA_dificil,19,Empate,6,True
138,IA_facil,18,Derrota,5,True
138,IA_medio,18,Derrota,7,True
138,IA_dificil,20,Victoria,7,True
139,IA_facil,21,Victoria,5,False
139,IA_medio,12,Derrota,4,False
139,IA_dificil,17,Derrota,4,False
140,IA_facil,22,Derrota,5,True
140,IA_medio,19,Derrota,5,True
140,IA_dificil,20,Victoria,5,True
141,IA_facil,17,Derrota,4,True
141,IA_medio,17,Derrota,4,True
141,IA_dificil,20,Victoria,7,False
142,IA_facil,18,Victoria,5,True
142,IA_medio,17,Derrota,6,True
142,IA_dificil,17,Derrota,5,True
143,IA_facil,21,Victoria,5,False
143,IA_medio,17,Derrota,3,True
143,IA_dificil,10,Derrota,4,False
144,IA_facil,17,Derrota,9,True
144,IA_medio,19,Empate,6,True
144,IA_dificil,19,Empate,6,True
145,IA_facil,19,Derrota,6,True
145,IA_medio,20,Victoria,7,False
145,IA_dificil,17,Derrota,5,True
146,IA_facil,19,Empate,4,True
146,IA_medio,19,Empate,6,False
146,IA_dificil,17,Derrota,5,True
147,IA_facil,19,Derrota,4,True
147,IA_medio,20,Derrota,5,True
147,IA_dificil,21,Victoria,6,False
148,IA_facil,17,Derrota,5,True
148,IA_medio,18,Victoria,4,True
148,IA_dificil,17,Derrota,4,True
149,IA_facil,20,Victoria,6,True
149,IA_medio,18,Derrota,6,True
149,IA_dificil,17,Derrota,3,True
150,IA_facil,20,Victoria,5,True
150,IA_medio,18,Derrota,4,True
150,IA_dificil,17,Derrota,5,True
151,IA_facil,19,Derrota,5,False
151,IA_medio,21,Victoria,5,False
151,IA_dificil,13,Derrota,4,False
152,IA_facil,17,Derrota,6,True
152,IA_medio,17,Derrota,4,True
152,IA_dificil,19,Victoria,4,True
153,IA_facil,17,Derrota,5,True
153,IA_medio,17,Derrota,5,True
153,IA_dificil,19,Victoria,5,True
154,IA_facil,21,Victoria,8,False
154,IA_medio,17,Derrota,6,True
154,IA_dificil,19,Derrota,5,True
155,IA_facil,21,Victoria,5,False
155,IA_medio,12,Derrota,4,False
155,IA_dificil,13,Derrota,4,False
156,IA_facil,19,Victoria,4,True
156,IA_medio,17,Derrota,5,True
156,IA_dificil,18,Derrota,6,True
157,IA_facil,17,Derrota,7,True
157,IA_medio,19,Derrota,7,True
157,IA_dificil,20,Victoria,5,True
158,IA_facil,18,Empate,7,False
158,IA_medio,18,Empate,3,True
158,IA_dificil,17,Derrota,6,True
159,IA_facil,20,Derrota,5,False
159,IA_medio,21,Victoria,5,False
159,IA_dificil,10,Derrota,4,False
160,IA_facil,17,Derrota,4,True
160,IA_medio,19,Derrota,4,True
160,IA_dificil,21,Victoria,7,False
161,IA_facil,17,Derrota,4,True
161,IA_medio,18,Victoria,5,False
161,IA_dificil,17,Derrota,4,True
162,IA_facil,17,Derrota,6,True
162,IA_medio,18,Victoria,6,True
162,IA_dificil,17,Derrota,7,True
163,IA_facil,19,Derrota,4,True
163,IA_medio,21,Victoria,5,False
163,IA_dificil,7,Derrota,4,False
164,IA_facil,17,Derrota,4,True
164,IA_medio,19,Victoria,9,False
164,IA_dificil,17,Derrota,3,True
165,IA_facil,18,Derrota,4,True
165,IA_medio,19,Derrota,4,True
165,IA_dificil,20,Victoria,5,False
166,IA_facil,18,Empate,6,False
166,IA_medio,18,Empate,4,True
166,IA_dificil,17,Derrota,5,True
167,IA_facil,12,Derrota,6,False
167,IA_medio,17,Derrota,6,False
167,IA_dificil,21,Victoria,6,False
168,IA_facil,17,Derrota,5,False
168,IA_medio,17,Derrota,5,False
168,IA_dificil,21,Victoria,5,False
169,IA_facil,17,Derrota,4,True
169,IA_medio,21,Victoria,5,False
169,IA_dificil,15,Derrota,4,False
170,IA_facil,18,Derrota,6,True
170,IA_medio,17,Derrota,5,True
170,IA_dificil,19,Victoria,5,True
171,IA_facil,17,Derrota,4,True
171,IA_medio,17,Derrota,5,True
171,IA_dificil,18,Victoria,4,True
172,IA_facil,21,Victoria,6,False
172,IA_medio,19,Derrota,5,False
172,IA_dificil,17,Derrota,5,False
173,IA_facil,18,Victoria,5,True
173,IA_medio,17,Derrota,8,True
173,IA_dificil,17,Derrota,5,True
174,IA_facil,21,Victoria,6,False
174,IA_medio,11,Derrota,5,False
174,IA_dificil,19,Derrota,5,False
175,IA_facil,17,Derrota,5,False
175,IA_medio,21,Victoria,5,False
175,IA_dificil,15,Derrota,4,False
176,IA_facil,17,Empate,4,True
176,IA_medio,17,Empate,7,False
176,IA_dificil,17,Empate,5,True
177,IA_facil,18,Empate,6,False
177,IA_medio,18,Empate,4,True
177,IA_dificil,18,Empate,3,True
178,IA_facil,19,Victoria,5,True
178,IA_medio,18,Derrota,6,True
178,IA_dificil,17,Derrota,5,True
179,IA_facil,19,Empate,5,False
179,IA_medio,17,Derrota,4,True
179,IA_dificil,19,Empate,4,True
180,IA_facil,17,Empate,6,True
180,IA_medio,22,Derrota,5,True
180,IA_dificil,17,Empate,6,True
181,IA_facil,18,Derrota,5,True
181,IA_medio,20,Victoria,6,False
181,IA_dificil,18,Derrota,5,True
182,IA_facil,17,Derrota,5,True
182,IA_medio,20,Victoria,6,False
182,IA_dificil,17,Derrota,4,True
183,IA_facil,20,Empate,5,True
183,IA_medio,20,Empate,7,False
183,IA_dificil,19,Derrota,5,True
184,IA_facil,17,Derrota,4,True
184,IA_medio,18,Empate,5,True
184,IA_dificil,18,Empate,5,True
185,IA_facil,18,Derrota,4,True
185,IA_medio,18,Derrota,6,True
185,IA_dificil,19,Victoria,4,True
186,IA_facil,20,Derrota,5,False
186,IA_medio,13,Derrota,5,False
186,IA_dificil,21,Victoria,5,False
187,IA_facil,20,Victoria,5,True
187,IA_medio,19,Derrota,5,True
187,IA_dificil,19,Derrota,5,True
188,IA_facil,16,Derrota,6,False
188,IA_medio,20,Derrota,5,True
188,IA_dificil,21,Victoria,6,False
189,IA_facil,20,Victoria,6,False
189,IA_medio,18,Derrota,4,True
189,IA_dificil,17,Derrota,3,True
190,IA_facil,21,Victoria,4,False
190,IA_medio,14,Derrota,3,False
190,IA_dificil,12,Derrota,3,False
191,IA_facil,20,Empate,7,False
191,IA_medio,20,Empate,5,True
191,IA_dificil,19,Derrota,6,True
192,IA_facil,17,Derrota,5,True
192,IA_medio,17,Derrota,4,True
192,IA_dificil,21,Victoria,6,False
193,IA_facil,19,Derrota,6,True
193,IA_medio,18,Derrota,4,True
193,IA_dificil,20,Victoria,5,True
194,IA_facil,17,Derrota,4,True
194,IA_medio,18,Victoria,6,False
194,IA_dificil,17,Derrota,5,True
195,IA_facil,19,Victoria,7,False
195,IA_medio,18,Derrota,5,True
195,IA_dificil,17,Derrota,5,True
196,IA_facil,18,Derrota,5,True
196,IA_medio,17,Derrota,5,True
196,IA_dificil,19,Victoria,4,True
197,IA_facil,18,Derrota,5,True
197,IA_medio,21,Victoria,7,False
197,IA_dificil,19,Derrota,5,True
198,IA_facil,18,Empate,3,True
198,IA_medio,18,Empate,6,False
198,IA_dificil,18,Empate,4,True
199,IA_facil,18,Derrota,6,False
199,IA_medio,21,Victoria,6,False
199,IA_dificil,13,Derrota,5,False
200,IA_facil,18,Empate,5,True
200,IA_medio,18,Empate,6,False
200,IA_dificil,18,Empate,5,True
201,IA_facil,20,Empate,5,True
201,IA_medio,17,Derrota,5,True
201,IA_dificil,20,Empate,5,True
202,IA_facil,19,Derrota,4,True
202,IA_medio,20,Victoria,7,False
202,IA_dificil,17,Derrota,3,True
203,IA_facil,18,Victoria,5,True
203,IA_medio,17,Derrota,6,True
203,IA_dificil,22,Derrota,11,True
204,IA_facil,20,Victoria,5,True
204,IA_medio,19,Derrota,5,True
204,IA_dificil,18,Derrota,5,True
205,IA_facil,20,Victoria,6,True
205,IA_medio,17,Derrota,6,True
205,IA_dificil,19,Derrota,5,True
206,IA_facil,20,Victoria,5,True
206,IA_medio,17,Derrota,6,True
206,IA_dificil,17,Derrota,4,True
207,IA_facil,21,Victoria,5,False
207,IA_medio,13,Derrota,4,False
207,IA_dificil,12,Derrota,4,False
208,IA_facil,18,Derrota,5,True
208,IA_medio,18,Derrota,6,True
208,IA_dificil,20,Victoria,5,True
209,IA_facil,17,Empate,6,False
209,IA_medio,17,Empate,5,True
209,IA_dificil,17,Empate,4,True
210,IA_facil,21,Victoria,5,False
210,IA_medio,10,Derrota,4,False
210,IA_dificil,6,Derrota,4,False
211,IA_facil,17,Derrota,5,True
211,IA_medio,17,Derrota,3,True
211,IA_dificil,19,Victoria,5,True
212,IA_facil,22,Derrota,7,True
212,IA_medio,20,Victoria,5,True
212,IA_dificil,17,Derrota,4,True
213,IA_facil,21,Victoria,6,False
213,IA_medio,17,Derrota,5,False
213,IA_dificil,10,Derrota,5,False
214,IA_facil,19,Derrota,5,True
214,IA_medio,17,Derrota,3,True
214,IA_dificil,21,Victoria,9,False
215,IA_facil,20,Derrota,5,False
215,IA_medio,22,Derrota,5,True
215,IA_dificil,21,Victoria,5,False
216,IA_facil,20,Victoria,5,True
216,IA_medio,17,Derrota,5,True
216,IA_dificil,18,Derrota,8,True
217,IA_facil,19,Derrota,5,True
217,IA_medio,18,Derrota,5,True
217,IA_dificil,20,Victoria,5,True
218,IA_facil,12,Derrota,4,False
218,IA_medio,21,Victoria,4,False
218,IA_dificil,6,Derrota,3,False
219,IA_facil,19,Derrota,5,True
219,IA_medio,19,Derrota,6,True
219,IA_dificil,20,Victoria,6,True
220,IA_facil,19,Empate,4,True
220,IA_medio,19,Empate,7,True
220,IA_dificil,17,Derrota,7,True
221,IA_facil,18,Victoria,7,True
221,IA_medio,17,Derrota,4,True
221,IA_dificil,22,Derrota,6,True
222,IA_facil,18,Derrota,5,True
222,IA_medio,19,Empate,7,False
222,IA_dificil,19,Empate,4,True
223,IA_facil,19,Victoria,4,True
223,IA_medio,17,Derrota,9,True
223,IA_dificil,18,Derrota,4,True
224,IA_facil,18,Derrota,5,True
224,IA_medio,20,Empate,6,False
224,IA_dificil,20,Empate,5,True
225,IA_facil,19,Empate,4,True
225,IA_medio,17,Derrota,4,True
225,IA_dificil,19,Empate,5,False
226,IA_facil,18,Derrota,7,True
226,IA_medio,17,Derrota,6,True
226,IA_dificil,19,Victoria,6,True
227,IA_facil,18,Derrota,6,True
227,IA_medio,17,Derrota,6,True
227,IA_dificil,19,Victoria,5,True
228,IA_facil,17,Derrota,5,True
228,IA_medio,19,Victoria,6,True
228,IA_dificil,17,Derrota,8,True
229,IA_facil,22,Derrota,6,True
229,IA_medio,21,Victoria,7,False
229,IA_dificil,18,Derrota,6,False
230,IA_facil,17,Derrota,7,True
230,IA_medio,19,Victoria,4,True
230,IA_dificil,18,Derrota,4,True
231,IA_facil,19,Derrota,5,True
231,IA_medio,20,Victoria,5,True
231,IA_dificil,22,Derrota,4,True
232,IA_facil,18,Victoria,5,True
232,IA_medio,22,Derrota,5,True
232,IA_dificil,17,Derrota,6,True
233,IA_facil,18,Derrota,4,True
233,IA_medio,17,Derrota,5,False
233,IA_dificil,21,Victoria,5,False
234,IA_facil,18,Derrota,6,False
234,IA_medio,21,Victoria,6,False
234,IA_dificil,19,Derrota,5,False
235,IA_facil,21,Victoria,7,False
235,IA_medio,17,Derrota,4,True
235,IA_dificil,18,Derrota,5,True
236,IA_facil,17,Derrota,5,True
236,IA_medio,18,Derrota,4,True
236,IA_dificil,20,Victoria,4,True
237,IA_facil,21,Victoria,6,False
237,IA_medio,16,Derrota,5,False
237,IA_dificil,13,Derrota,5,False
238,IA_facil,18,Derrota,4,True
238,IA_medio,20,Victoria,6,True
238,IA_dificil,17,Derrota,6,True
239,IA_facil,18,Derrota,5,True
239,IA_medio,18,Derrota,5,True
239,IA_dificil,19,Victoria,7,False
240,IA_facil,20,Derrota,5,True
240,IA_medio,21,Victoria,7,False
240,IA_dificil,18,Derrota,6,False
241,IA_facil,20,Victoria,6,False
241,IA_medio,18,Derrota,5,True
241,IA_dificil,18,Derrota,5,True
242,IA_facil,19,Empate,5,True
242,IA_medio,17,Derrota,5,True
242,IA_dificil,19,Empate,5,True
243,IA_facil,19,Victoria,4,True
243,IA_medio,17,Derrota,8,True
243,IA_dificil,18,Derrota,7,True
244,IA_facil,14,Derrota,7,False
244,IA_medio,19,Derrota,5,True
244,IA_dificil,21,Victoria,7,False
245,IA_facil,19,Empate,5,True
245,IA_medio,17,Derrota,5,True
245,IA_dificil,19,Empate,5,True
246,IA_facil,17,Derrota,6,False
246,IA_medio,17,Derrota,4,True
246,IA_dificil,21,Victoria,6,False
247,IA_facil,17,Empate,6,False
247,IA_medio,17,Empate,5,True
247,IA_dificil,17,Empate,4,True
248,IA_facil,11,Derrota,4,False
248,IA_medio,21,Victoria,4,False
248,IA_dificil,10,Derrota,3,False
249,IA_facil,19,Derrota,5,True
249,IA_medio,21,Victoria,7,False
249,IA_dificil,22,Derrota,6,True
250,IA_facil,19,Empate,4,True
250,IA_medio,17,Derrota,5,True
250,IA_dificil,19,Empate,4,True
251,IA_facil,16,Derrota,5,False
251,IA_medio,19,Derrota,4,True
251,IA_dificil,21,Victoria,5,False
252,IA_facil,20,Victoria,4,True
252,IA_medio,17,Derrota,5,True
252,IA_dificil,17,Derrota,6,True
253,IA_facil,17,Derrota,6,True
253,IA_medio,19,Derrota,5,True
253,IA_dificil,20,Victoria,6,True
254,IA_facil,17,Derrota,3,True
254,IA_medio,18,Derrota,4,True
254,IA_dificil,20,Victoria,4,True
255,IA_facil,19,Empate,5,True
255,IA_medio,19,Empate,7,False
255,IA_dificil,18,Derrota,6,True
256,IA_facil,20,Empate,6,True
256,IA_medio,20,Empate,7,False
256,IA_dificil,18,Derrota,6,True
257,IA_facil,22,Derrota,6,True
257,IA_medio,22,Derrota,5,True
257,IA_dificil,18,Victoria,5,True
258,IA_facil,20,Derrota,4,True
258,IA_medio,21,Victoria,5,False
258,IA_dificil,20,Derrota,4,False
259,IA_facil,20,Empate,5,True
259,IA_medio,20,Empate,6,True
259,IA_dificil,18,Derrota,7,True
260,IA_facil,20,Empate,5,True
260,IA_medio,17,Derrota,5,True
260,IA_dificil,20,Empate,6,False
261,IA_facil,20,Victoria,5,True
261,IA_medio,17,Derrota,4,True
261,IA_dificil,18,Derrota,6,True
262,IA_facil,21,Victoria,8,False
262,IA_medio,17,Derrota,4,True
262,IA_dificil,17,Derrota,5,True
263,IA_facil,19,Victoria,4,True
263,IA_medio,22,Derrota,5,True
263,IA_dificil,18,Derrota,7,True
264,IA_facil,18,Derrota,5,True
264,IA_medio,19,Victoria,4,True
264,IA_dificil,17,Derrota,4,True
265,IA_facil,18,Derrota,7,True
265,IA_medio,17,Derrota,5,True
265,IA_dificil,20,Victoria,5,True
266,IA_facil,17,Derrota,5,True
266,IA_medio,18,Victoria,5,True
266,IA_dificil,17,Derrota,4,True
267,IA_facil,18,Empate,5,True
267,IA_medio,18,Empate,5,True
267,IA_dificil,18,Empate,5,True
268,IA_facil,19,Victoria,6,True
268,IA_medio,22,Derrota,5,True
268,IA_dificil,17,Derrota,3,True
269,IA_facil,19,Derrota,6,True
269,IA_medio,21,Victoria,7,False
269,IA_dificil,17,Derrota,4,True
270,IA_facil,18,Victoria,6,True
270,IA_medio,17,Derrota,6,True
270,IA_dificil,17,Derrota,4,True
271,IA_facil,19,Derrota,5,True
271,IA_medio,20,Victoria,5,True
271,IA_dificil,17,Derrota,6,True
272,IA_facil,18,Derrota,4,True
272,IA_medio,19,Victoria,5,False
272,IA_dificil,17,Derrota,3,True
273,IA_facil,17,Derrota,5,True
273,IA_medio,18,Victoria,4,True
273,IA_dificil,17,Derrota,6,True
274,IA_facil,22,Derrota,5,True
274,IA_medio,17,Derrota,4,True
274,IA_dificil,18,Victoria,5,True
275,IA_facil,18,Derrota,5,False
275,IA_medio,21,Victoria,5,False
275,IA_dificil,16,Derrota,4,False
276,IA_facil,17,Empate,6,True
276,IA_medio,17,Empate,6,True
276,IA_dificil,17,Empate,4,True
277,IA_facil,19,Victoria,6,True
277,IA_medio,17,Derrota,5,True
277,IA_dificil,18,Derrota,7,True
278,IA_facil,17,Derrota,4,True
278,IA_medio,17,Derrota,4,True
278,IA_dificil,18,Victoria,6,False
279,IA_facil,21,Victoria,4,False
279,IA_medio,12,Derrota,3,False
279,IA_dificil,12,Derrota,3,False
280,IA_facil,20,Victoria,5,True
280,IA_medio,22,Derrota,5,True
280,IA_dificil,17,Derrota,4,True
281,IA_facil,18,Victoria,6,True
281,IA_medio,17,Derrota,5,True
281,IA_dificil,17,Derrota,8,True
282,IA_facil,18,Victoria,3,True
282,IA_medio,17,Derrota,4,True
282,IA_dificil,17,Derrota,6,True
283,IA_facil,17,Derrota,3,True
283,IA_medio,20,Derrota,4,True
283,IA_dificil,21,Victoria,6,False
284,IA_facil,19,Victoria,5,True
284,IA_medio,17,Derrota,4,True
284,IA_dificil,18,Derrota,7,True
285,IA_facil,20,Victoria,4,True
285,IA_medio,22,Derrota,5,True
285,IA_dificil,22,Derrota,7,True
286,IA_facil,16,Derrota,4,False
286,IA_medio,21,Victoria,4,False
286,IA_dificil,13,Derrota,3,False
287,IA_facil,20,Victoria,8,False
287,IA_medio,19,Derrota,5,True
287,IA_dificil,18,Derrota,5,True
288,IA_facil,17,Derrota,4,True
288,IA_medio,17,Derrota,5,True
288,IA_dificil,18,Victoria,7,False
289,IA_facil,17,Derrota,5,True
289,IA_medio,17,Derrota,6,True
289,IA_dificil,21,Victoria,7,False
290,IA_facil,18,Derrota,4,True
290,IA_medio,20,Victoria,6,True
290,IA_dificil,22,Derrota,6,True
291,IA_facil,18,Derrota,4,True
291,IA_medio,19,Victoria,6,False
291,IA_dificil,17,Derrota,4,True
292,IA_facil,18,Empate,5,True
292,IA_medio,18,Empate,5,True
292,IA_dificil,17,Derrota,4,True
293,IA_facil,17,Empate,7,False
293,IA_medio,17,Empate,5,True
293,IA_dificil,17,Empate,4,True
294,IA_facil,17,Derrota,5,False
294,IA_medio,21,Victoria,5,False
294,IA_dificil,15,Derrota,4,False
295,IA_facil,19,Victoria,5,True
295,IA_medio,17,Derrota,6,True
295,IA_dificil,18,Derrota,5,True
296,IA_facil,19,Victoria,4,True
296,IA_medio,22,Derrota,5,True
296,IA_dificil,17,Derrota,8,True
297,IA_facil,18,Derrota,5,True
297,IA_medio,17,Derrota,5,True
297,IA_dificil,20,Victoria,8,False
298,IA_facil,18,Derrota,5,True
298,IA_medio,17,Derrota,4,True
298,IA_dificil,20,Victoria,5,True
299,IA_facil,22,Derrota,5,True
299,IA_medio,20,Victoria,6,True
299,IA_dificil,17,Derrota,6,True
300,IA_facil,17,Empate,6,False
300,IA_medio,17,Empate,5,True
300,IA_dificil,17,Empate,4,True
301,IA_facil,22,Derrota,6,True
301,IA_medio,19,Derrota,4,True
301,IA_dificil,20,Victoria,8,True
302,IA_facil,11,Derrota,5,False
302,IA_medio,21,Victoria,5,False
302,IA_dificil,13,Derrota,4,False
303,IA_facil,18,Empate,4,True
303,IA_medio,18,Empate,8,False
303,IA_dificil,18,Empate,5,True
304,IA_facil,21,Victoria,5,False
304,IA_medio,16,Derrota,4,False
304,IA_dificil,17,Derrota,4,False
305,IA_facil,20,Empate,6,True
305,IA_medio,17,Derrota,4,True
305,IA_dificil,20,Empate,7,False
306,IA_facil,18,Derrota,6,True
306,IA_medio,17,Derrota,5,True
306,IA_dificil,19,Victoria,5,True
307,IA_facil,17,Derrota,4,True
307,IA_medio,17,Derrota,5,True
307,IA_dificil,18,Victoria,4,True
308,IA_facil,17,Derrota,4,True
308,IA_medio,18,Victoria,5,True
308,IA_dificil,17,Derrota,6,True
309,IA_facil,21,Victoria,5,False
309,IA_medio,15,Derrota,4,False
309,IA_dificil,8,Derrota,4,False
310,IA_facil,18,Derrota,4,True
310,IA_medio,20,Victoria,5,True
310,IA_dificil,19,Derrota,8,True
311,IA_facil,17,Derrota,4,True
311,IA_medio,20,Victoria,6,True
311,IA_dificil,22,Derrota,6,True
312,IA_facil,17,Derrota,4,True
312,IA_medio,14,Derrota,5,False
312,IA_dificil,21,Victoria,5,False
313,IA_facil,17,Derrota,3,True
313,IA_medio,19,Victoria,5,False
313,IA_dificil,18,Derrota,4,True
314,IA_facil,21,Victoria,4,False
314,IA_medio,14,Derrota,3,False
314,IA_dificil,12,Derrota,3,False
315,IA_facil,18,Derrota,5,True
315,IA_medio,18,Derrota,4,True
315,IA_dificil,21,Victoria,6,False
316,IA_facil,17,Empate,6,True
316,IA_medio,17,Empate,6,True
316,IA_dificil,22,Derrota,7,True
317,IA_facil,19,Derrota,4,True
317,IA_medio,20,Victoria,5,True
317,IA_dificil,18,Derrota,6,True
318,IA_facil,22,Derrota,5,True
318,IA_medio,22,Derrota,5,True
318,IA_dificil,21,Victoria,5,False
319,IA_facil,18,Empate,7,False
319,IA_medio,18,Empate,5,True
319,IA_dificil,17,Derrota,4,True
320,IA_facil,18,Derrota,4,True
320,IA_medio,17,Derrota,4,True
320,IA_dificil,19,Victoria,5,False
321,IA_facil,19,Empate,5,True
321,IA_medio,18,Derrota,4,True
321,IA_dificil,19,Empate,5,True
322,IA_facil,19,Empate,4,True
322,IA_medio,17,Derrota,5,True
322,IA_dificil,19,Empate,5,True
323,IA_facil,20,Victoria,6,False
323,IA_medio,17,Derrota,5,True
323,IA_dificil,17,Derrota,4,True
324,IA_facil,17,Derrota,6,True
324,IA_medio,22,Derrota,5,True
324,IA_dificil,18,Victoria,6,True
325,IA_facil,18,Derrota,7,True
325,IA_medio,20,Empate,4,True
325,IA_dificil,20,Empate,6,True
326,IA_facil,17,Empate,5,True
326,IA_medio,17,Empate,4,True
326,IA_dificil,17,Empate,6,False
327,IA_facil,17,Derrota,5,True
327,IA_medio,17,Derrota,6,True
327,IA_dificil,18,Victoria,4,True
328,IA_facil,14,Derrota,5,False
328,IA_medio,21,Victoria,5,False
328,IA_dificil,11,Derrota,4,False
329,IA_facil,20,Victoria,5,True
329,IA_medio,19,Derrota,5,True
329,IA_dificil,18,Derrota,7,True
330,IA_facil,17,Derrota,4,True
330,IA_medio,18,Derrota,4,True
330,IA_dificil,19,Victoria,4,True
331,IA_facil,18,Empate,4,True
331,IA_medio,18,Empate,7,False
331,IA_dificil,18,Empate,5,True
332,IA_facil,18,Empate,6,True
332,IA_medio,18,Empate,6,True
332,IA_dificil,18,Empate,5,True
333,IA_facil,19,Derrota,6,True
333,IA_medio,20,Empate,5,True
333,IA_dificil,20,Empate,6,True
334,IA_facil,17,Derrota,5,True
334,IA_medio,21,Victoria,6,False
334,IA_dificil,15,Derrota,5,False
335,IA_facil,17,Derrota,7,True
335,IA_medio,20,Victoria,7,True
335,IA_dificil,17,Derrota,6,True
336,IA_facil,18,Derrota,5,True
336,IA_medio,18,Derrota,5,True
336,IA_dificil,21,Victoria,6,False
337,IA_facil,18,Empate,6,False
337,IA_medio,17,Derrota,5,True
337,IA_dificil,18,Empate,4,True
338,IA_facil,20,Victoria,7,False
338,IA_medio,18,Derrota,4,True
338,IA_dificil,18,Derrota,6,True
339,IA_facil,18,Empate,6,True
339,IA_medio,18,Empate,6,True
339,IA_dificil,17,Derrota,4,True
340,IA_facil,20,Victoria,6,True
340,IA_medio,18,Derrota,4,True
340,IA_dificil,19,Derrota,6,True
341,IA_facil,19,Empate,6,True
341,IA_medio,19,Empate,7,True
341,IA_dificil,22,Derrota,8,True
342,IA_facil,17,Derrota,6,True
342,IA_medio,18,Victoria,6,True
342,IA_dificil,17,Derrota,6,True
343,IA_facil,20,Victoria,5,True
343,IA_medio,17,Derrota,5,True
343,IA_dificil,19,Derrota,4,True
344,IA_facil,17,Derrota,5,True
344,IA_medio,18,Empate,5,True
344,IA_dificil,18,Empate,5,True
345,IA_facil,18,Derrota,4,True
345,IA_medio,19,Empate,5,True
345,IA_dificil,19,Empate,6,False
346,IA_facil,18,Empate,5,True
346,IA_medio,18,Empate,5,True
346,IA_dificil,18,Empate,6,False
347,IA_facil,17,Derrota,4,True
347,IA_medio,14,Derrota,5,False
347,IA_dificil,21,Victoria,5,False
348,IA_facil,21,Victoria,6,False
348,IA_medio,18,Derrota,4,True
348,IA_dificil,15,Derrota,5,False
349,IA_facil,18,Victoria,5,True
349,IA_medio,17,Derrota,6,True
349,IA_dificil,17,Derrota,6,True
350,IA_facil,17,Derrota,5,False
350,IA_medio,18,Derrota,5,False
350,IA_dificil,21,Victoria,5,False
351,IA_facil,21,Victoria,6,False
351,IA_medio,10,Derrota,5,False
351,IA_dificil,18,Derrota,4,True
352,IA_facil,18,Derrota,5,True
352,IA_medio,20,Victoria,5,True
352,IA_dificil,17,Derrota,5,True
353,IA_facil,17,Derrota,4,True
353,IA_medio,22,Derrota,5,True
353,IA_dificil,21,Victoria,6,False
354,IA_facil,18,Victoria,5,True
354,IA_medio,22,Derrota,6,True
354,IA_dificil,17,Derrota,5,True
355,IA_facil,18,Derrota,5,True
355,IA_medio,20,Victoria,7,False
355,IA_dificil,17,Derrota,4,True
356,IA_facil,18,Derrota,4,True
356,IA_medio,20,Victoria,4,True
356,IA_dificil,19,Derrota,6,True
357,IA_facil,17,Derrota,8,True
357,IA_medio,20,Victoria,7,True
357,IA_dificil,17,Derrota,5,True
358,IA_facil,18,Derrota,5,True
358,IA_medio,20,Victoria,6,True
358,IA_dificil,17,Derrota,6,True
359,IA_facil,20,Victoria,7,True
359,IA_medio,22,Derrota,7,True
359,IA_dificil,17,Derrota,4,True
360,IA_facil,18,Derrota,5,True
360,IA_medio,17,Derrota,4,True
360,IA_dificil,19,Victoria,5,True
361,IA_facil,19,Victoria,5,False
361,IA_medio,17,Derrota,4,True
361,IA_dificil,17,Derrota,4,True
362,IA_facil,18,Derrota,5,True
362,IA_medio,18,Derrota,7,False
362,IA_dificil,21,Victoria,7,False
363,IA_facil,17,Derrota,5,True
363,IA_medio,18,Victoria,6,False
363,IA_dificil,17,Derrota,4,True
364,IA_facil,19,Empate,6,False
364,IA_medio,18,Derrota,5,True
364,IA_dificil,19,Empate,5,True
365,IA_facil,18,Derrota,5,True
365,IA_medio,20,Victoria,7,False
365,IA_dificil,18,Derrota,5,True
366,IA_facil,18,Empate,6,False
366,IA_medio,18,Empate,3,True
366,IA_dificil,18,Empate,5,True
367,IA_facil,20,Victoria,5,True
367,IA_medio,22,Derrota,5,True
367,IA_dificil,19,Derrota,5,True
368,IA_facil,14,Derrota,5,False
368,IA_medio,19,Derrota,5,False
368,IA_dificil,21,Victoria,5,False
369,IA_facil,20,Victoria,5,False
369,IA_medio,17,Derrota,3,True
369,IA_dificil,19,Derrota,4,True
370,IA_facil,20,Victoria,5,False
370,IA_medio,17,Derrota,3,True
370,IA_dificil,17,Derrota,4,True
371,IA_facil,17,Derrota,6,True
371,IA_medio,17,Derrota,6,True
371,IA_dificil,18,Victoria,4,True
372,IA_facil,19,Victoria,7,False
372,IA_medio,17,Derrota,5,True
372,IA_dificil,17,Derrota,5,True
373,IA_facil,19,Derrota,4,True
373,IA_medio,20,Victoria,6,True
373,IA_dificil,19,Derrota,6,True
374,IA_facil,18,Empate,7,True
374,IA_medio,18,Empate,5,True
374,IA_dificil,22,Derrota,6,True
375,IA_facil,19,Derrota,5,True
375,IA_medio,20,Victoria,5,True
375,IA_dificil,18,Derrota,4,True
376,IA_facil,18,Derrota,6,False
376,IA_medio,21,Victoria,6,False
376,IA_dificil,14,Derrota,5,False
377,IA_facil,18,Derrota,5,True
377,IA_medio,21,Victoria,6,False
377,IA_dificil,11,Derrota,5,False
378,IA_facil,19,Empate,5,False
378,IA_medio,18,Derrota,4,True
378,IA_dificil,19,Empate,4,True
379,IA_facil,18,Derrota,4,True
379,IA_medio,18,Derrota,5,True
379,IA_dificil,19,Victoria,5,True
380,IA_facil,20,Victoria,4,True
380,IA_medio,19,Derrota,6,True
380,IA_dificil,17,Derrota,4,True
381,IA_facil,17,Derrota,3,True
381,IA_medio,17,Derrota,6,True
381,IA_dificil,18,Victoria,6,True
382,IA_facil,19,Empate,4,True
382,IA_medio,19,Empate,7,False
382,IA_dificil,19,Empate,4,True
383,IA_facil,18,Derrota,5,True
383,IA_medio,20,Victoria,6,False
383,IA_dificil,18,Derrota,5,True
384,IA_facil,15,Derrota,6,False
384,IA_medio,21,Victoria,6,False
384,IA_dificil,17,Derrota,5,False
385,IA_facil,20,Victoria,4,True
385,IA_medio,19,Derrota,8,True
385,IA_dificil,19,Derrota,5,True
386,IA_facil,20,Victoria,6,True
386,IA_medio,18,Derrota,7,True
386,IA_dificil,19,Derrota,6,True
387,IA_facil,18,Derrota,5,True
387,IA_medio,19,Empate,4,True
387,IA_dificil,19,Empate,5,True
388,IA_facil,18,Derrota,5,True
388,IA_medio,19,Victoria,6,False
388,IA_dificil,17,Derrota,4,True
389,IA_facil,13,Derrota,4,False
389,IA_medio,10,Derrota,4,False
389,IA_dificil,21,Victoria,4,False
390,IA_facil,18,Derrota,6,True
390,IA_medio,20,Victoria,6,True
390,IA_dificil,18,Derrota,6,True
391,IA_facil,22,Derrota,9,True
391,IA_medio,20,Victoria,5,True
391,IA_dificil,18,Derrota,5,True
392,IA_facil,18,Derrota,5,True
392,IA_medio,19,Empate,6,True
392,IA_dificil,19,Empate,8,False
393,IA_facil,20,Empate,5,True
393,IA_medio,18,Derrota,6,True
393,IA_dificil,20,Empate,7,False
394,IA_facil,19,Empate,6,False
394,IA_medio,17,Derrota,3,True
394,IA_dificil,19,Empate,4,True
395,IA_facil,17,Derrota,5,True
395,IA_medio,17,Derrota,7,True
395,IA_dificil,21,Victoria,8,False
396,IA_facil,17,Derrota,7,False
396,IA_medio,18,Derrota,7,False
396,IA_dificil,21,Victoria,7,False
397,IA_facil,18,Derrota,5,True
397,IA_medio,20,Victoria,7,False
397,IA_dificil,17,Derrota,6,True
398,IA_facil,20,Victoria,5,False
398,IA_medio,17,Derrota,4,True
398,IA_dificil,19,Derrota,4,True
399,IA_facil,21,Victoria,5,False
399,IA_medio,14,Derrota,4,False
399,IA_dificil,9,Derrota,4,False
400,IA_facil,18,Derrota,6,True
400,IA_medio,19,Empate,6,True
400,IA_dificil,19,Empate,5,True
401,IA_facil,20,Empate,5,True
401,IA_medio,20,Empate,8,False
401,IA_dificil,20,Empate,6,True
402,IA_facil,18,Derrota,5,True
402,IA_medio,18,Derrota,4,True
402,IA_dificil,19,Victoria,4,True
403,IA_facil,17,Derrota,4,True
403,IA_medio,17,Derrota,6,True
403,IA_dificil,20,Victoria,5,True
404,IA_facil,18,Derrota,5,True
404,IA_medio,19,Victoria,5,True
404,IA_dificil,22,Derrota,5,True
405,IA_facil,18,Derrota,4,True
405,IA_medio,17,Derrota,4,True
405,IA_dificil,19,Victoria,4,True
406,IA_facil,18,Derrota,4,True
406,IA_medio,18,Derrota,5,True
406,IA_dificil,20,Victoria,9,False
407,IA_facil,19,Victoria,5,True
407,IA_medio,17,Derrota,4,True
407,IA_dificil,17,Derrota,5,True
408,IA_facil,17,Derrota,5,True
408,IA_medio,18,Victoria,6,False
408,IA_dificil,17,Derrota,5,True
409,IA_facil,20,Victoria,7,False
409,IA_medio,19,Derrota,6,True
409,IA_dificil,19,Derrota,4,True
410,IA_facil,19,Derrota,4,True
410,IA_medio,20,Empate,6,False
410,IA_dificil,20,Empate,4,True
411,IA_facil,21,Victoria,7,False
411,IA_medio,19,Derrota,5,True
411,IA_dificil,19,Derrota,4,True
412,IA_facil,20,Victoria,4,True
412,IA_medio,18,Derrota,4,True
412,IA_dificil,17,Derrota,5,True
413,IA_facil,20,Victoria,7,False
413,IA_medio,18,Derrota,4,True
413,IA_dificil,17,Derrota,4,True
414,IA_facil,18,Empate,4,True
414,IA_medio,18,Empate,6,True
414,IA_dificil,18,Empate,7,False
415,IA_facil,19,Victoria,5,True
415,IA_medio,22,Derrota,6,True
415,IA_dificil,17,Derrota,6,True
416,IA_facil,20,Empate,8,False
416,IA_medio,18,Derrota,4,True
416,IA_dificil,20,Empate,6,True
417,IA_facil,18,Derrota,5,True
417,IA_medio,19,Victoria,6,True
417,IA_dificil,18,Derrota,6,True
418,IA_facil,19,Victoria,5,False
418,IA_medio,18,Derrota,4,True
418,IA_dificil,17,Derrota,4,True
419,IA_facil,17,Derrota,5,True
419,IA_medio,18,Empate,5,True
419,IA_dificil,18,Empate,6,False
420,IA_facil,20,Victoria,5,True
420,IA_medio,17,Derrota,5,True
420,IA_dificil,17,Derrota,4,True
421,IA_facil,17,Derrota,5,True
421,IA_medio,21,Victoria,6,False
421,IA_dificil,15,Derrota,5,False
422,IA_facil,18,Derrota,4,True
422,IA_medio,19,Empate,5,False
422,IA_dificil,19,Empate,4,True
423,IA_facil,21,Victoria,5,False
423,IA_medio,14,Derrota,4,False
423,IA_dificil,16,Derrota,4,False
424,IA_facil,18,Victoria,4,True
424,IA_medio,17,Derrota,7,True
424,IA_dificil,17,Derrota,6,True
425,IA_facil,17,Derrota,5,True
425,IA_medio,21,Victoria,8,False
425,IA_dificil,19,Derrota,4,True
426,IA_facil,18,Derrota,5,True
426,IA_medio,19,Empate,8,False
426,IA_dificil,19,Empate,4,True
427,IA_facil,22,Derrota,6,True
427,IA_medio,19,Derrota,5,True
427,IA_dificil,20,Victoria,5,True
428,IA_facil,18,Derrota,5,True
428,IA_medio,20,Victoria,5,True
428,IA_dificil,17,Derrota,7,True
429,IA_facil,18,Derrota,6,True
429,IA_medio,19,Empate,5,True
429,IA_dificil,19,Empate,5,True
430,IA_facil,8,Derrota,4,False
430,IA_medio,14,Derrota,4,False
430,IA_dificil,21,Victoria,4,False
431,IA_facil,21,Victoria,5,False
431,IA_medio,13,Derrota,4,False
431,IA_dificil,15,Derrota,4,False
432,IA_facil,20,Empate,5,True
432,IA_medio,17,Derrota,6,True
432,IA_dificil,20,Empate,6,True
433,IA_facil,18,Derrota,6,True
433,IA_medio,19,Empate,6,True
433,IA_dificil,19,Empate,4,True
434,IA_facil,22,Derrota,5,True
434,IA_medio,19,Empate,6,True
434,IA_dificil,19,Empate,5,True
435,IA_facil,17,Derrota,5,True
435,IA_medio,17,Derrota,4,True
435,IA_dificil,18,Victoria,5,True
436,IA_facil,18,Derrota,5,False
436,IA_medio,21,Victoria,5,False
436,IA_dificil,15,Derrota,4,False
437,IA_facil,18,Empate,7,False
437,IA_medio,18,Empate,5,True
437,IA_dificil,18,Empate,5,True
438,IA_facil,19,Derrota,7,True
438,IA_medio,17,Derrota,5,True
438,IA_dificil,20,Victoria,5,True
439,IA_facil,20,Empate,6,True
439,IA_medio,20,Empate,6,True
439,IA_dificil,17,Derrota,4,True
440,IA_facil,17,Derrota,4,True
440,IA_medio,20,Derrota,4,True
440,IA_dificil,21,Victoria,6,False
441,IA_facil,18,Empate,5,True
441,IA_medio,18,Empate,5,True
441,IA_dificil,18,Empate,5,True
442,IA_facil,17,Derrota,6,True
442,IA_medio,18,Empate,6,True
442,IA_dificil,18,Empate,5,True
443,IA_facil,18,Victoria,7,False
443,IA_medio,17,Derrota,4,True
443,IA_dificil,17,Derrota,5,True
444,IA_facil,20,Victoria,5,True
444,IA_medio,19,Derrota,6,True
444,IA_dificil,18,Derrota,7,True
445,IA_facil,17,Derrota,5,True
445,IA_medio,17,Derrota,5,True
445,IA_dificil,20,Victoria,5,True
446,IA_facil,19,Victoria,5,True
446,IA_medio,17,Derrota,7,True
446,IA_dificil,17,Derrota,5,True
447,IA_facil,19,Empate,5,True
447,IA_medio,18,Derrota,6,True
447,IA_dificil,19,Empate,6,True
448,IA_facil,18,Derrota,4,True
448,IA_medio,17,Derrota,5,False
448,IA_dificil,21,Victoria,5,False
449,IA_facil,12,Derrota,5,False
449,IA_medio,19,Derrota,5,False
449,IA_dificil,21,Victoria,5,False
450,IA_facil,21,Victoria,4,False
450,IA_medio,9,Derrota,3,False
450,IA_dificil,9,Derrota,3,False
451,IA_facil,21,Victoria,7,False
451,IA_medio,18,Derrota,5,True
451,IA_dificil,18,Derrota,4,True
452,IA_facil,21,Victoria,6,False
452,IA_medio,16,Derrota,5,False
452,IA_dificil,17,Derrota,5,False
453,IA_facil,15,Derrota,5,False
453,IA_medio,21,Victoria,5,False
453,IA_dificil,14,Derrota,4,False
454,IA_facil,18,Empate,6,True
454,IA_medio,18,Empate,4,True
454,IA_dificil,17,Derrota,6,True
455,IA_facil,18,Derrota,4,True
455,IA_medio,18,Derrota,4,True
455,IA_dificil,20,Victoria,5,False
456,IA_facil,19,Derrota,4,True
456,IA_medio,20,Victoria,6,True
456,IA_dificil,17,Derrota,8,True
457,IA_facil,17,Empate,5,True
457,IA_medio,17,Empate,6,True
457,IA_dificil,17,Empate,6,True
458,IA_facil,17,Derrota,6,True
458,IA_medio,19,Derrota,9,True
458,IA_dificil,20,Victoria,5,True
459,IA_facil,20,Victoria,6,True
459,IA_medio,18,Derrota,6,True
459,IA_dificil,17,Derrota,4,True
460,IA_facil,19,Derrota,6,True
460,IA_medio,20,Empate,5,True
460,IA_dificil,20,Empate,4,True
461,IA_facil,20,Victoria,5,True
461,IA_medio,18,Derrota,6,True
461,IA_dificil,18,Derrota,6,True
462,IA_facil,17,Derrota,6,True
462,IA_medio,19,Empate,7,False
462,IA_dificil,19,Empate,5,True
463,IA_facil,17,Derrota,4,True
463,IA_medio,21,Victoria,7,False
463,IA_dificil,18,Derrota,4,True
464,IA_facil,21,Victoria,6,False
464,IA_medio,17,Derrota,5,False
464,IA_dificil,14,Derrota,5,False
465,IA_facil,19,Empate,8,True
465,IA_medio,18,Derrota,9,True
465,IA_dificil,19,Empate,5,True
466,IA_facil,18,Derrota,6,True
466,IA_medio,19,Victoria,5,True
466,IA_dificil,17,Derrota,4,True
467,IA_facil,22,Derrota,6,True
467,IA_medio,18,Derrota,3,True
467,IA_dificil,21,Victoria,6,False
468,IA_facil,17,Empate,7,False
468,IA_medio,17,Empate,5,True
468,IA_dificil,17,Empate,4,True
469,IA_facil,17,Derrota,5,True
469,IA_medio,18,Victoria,5,True
469,IA_dificil,17,Derrota,8,True
470,IA_facil,17,Empate,6,True
470,IA_medio,17,Empate,6,True
470,IA_dificil,22,Derrota,6,True
471,IA_facil,21,Victoria,5,False
471,IA_medio,17,Derrota,4,False
471,IA_dificil,11,Derrota,4,False
472,IA_facil,19,Victoria,6,False
472,IA_medio,18,Derrota,5,True
472,IA_dificil,17,Derrota,5,True
473,IA_facil,19,Victoria,6,False
473,IA_medio,17,Derrota,5,True
473,IA_dificil,18,Derrota,5,True
474,IA_facil,18,Derrota,5,True
474,IA_medio,20,Victoria,5,True
474,IA_dificil,22,Derrota,7,True
475,IA_facil,19,Victoria,4,True
475,IA_medio,17,Derrota,6,True
475,IA_dificil,17,Derrota,3,True
476,IA_facil,17,Empate,4,True
476,IA_medio,22,Derrota,6,True
476,IA_dificil,17,Empate,4,True
477,IA_facil,17,Derrota,4,True
477,IA_medio,20,Derrota,6,True
477,IA_dificil,21,Victoria,7,False
478,IA_facil,18,Victoria,4,True
478,IA_medio,17,Derrota,6,True
478,IA_dificil,17,Derrota,6,True
479,IA_facil,17,Derrota,4,True
479,IA_medio,18,Empate,5,True
479,IA_dificil,18,Empate,5,True
480,IA_facil,18,Derrota,6,True
480,IA_medio,17,Derrota,6,True
480,IA_dificil,20,Victoria,4,True
481,IA_facil,17,Derrota,5,False
481,IA_medio,21,Victoria,5,False
481,IA_dificil,7,Derrota,4,False
482,IA_facil,22,Derrota,6,True
482,IA_medio,19,Empate,4,True
482,IA_dificil,19,Empate,4,True
483,IA_facil,17,Derrota,5,True
483,IA_medio,19,Victoria,5,True
483,IA_dificil,17,Derrota,5,True
484,IA_facil,20,Victoria,6,True
484,IA_medio,17,Derrota,5,True
484,IA_dificil,19,Derrota,6,True
485,IA_facil,17,Derrota,4,True
485,IA_medio,18,Victoria,5,True
485,IA_dificil,17,Derrota,6,True
486,IA_facil,19,Derrota,7,True
486,IA_medio,20,Empate,4,True
486,IA_dificil,20,Empate,7,True
487,IA_facil,19,Empate,5,True
487,IA_medio,17,Derrota,5,True
487,IA_dificil,19,Empate,6,False
488,IA_facil,19,Victoria,5,True
488,IA_medio,18,Derrota,5,True
488,IA_dificil,17,Derrota,6,True
489,IA_facil,19,Derrota,6,True
489,IA_medio,17,Derrota,5,True
489,IA_dificil,21,Victoria,7,False
490,IA_facil,17,Derrota,5,True
490,IA_medio,22,Derrota,8,True
490,IA_dificil,20,Victoria,4,True
491,IA_facil,16,Derrota,5,False
491,IA_medio,19,Derrota,4,True
491,IA_dificil,21,Victoria,5,False
492,IA_facil,17,Derrota,4,True
492,IA_medio,19,Victoria,4,True
492,IA_dificil,17,Derrota,6,True
493,IA_facil,17,Empate,6,True
493,IA_medio,22,Derrota,5,True
493,IA_dificil,17,Empate,4,True
494,IA_facil,18,Derrota,5,True
494,IA_medio,18,Derrota,6,True
494,IA_dificil,21,Victoria,7,False
495,IA_facil,19,Derrota,6,True
495,IA_medio,20,Victoria,6,True
495,IA_dificil,18,Derrota,5,True
496,IA_facil,17,Derrota,5,True
496,IA_medio,20,Victoria,5,True
496,IA_dificil,17,Derrota,4,True
497,IA_facil,21,Victoria,6,False
497,IA_medio,19,Derrota,5,False
497,IA_dificil,14,Derrota,5,False
498,IA_facil,20,Victoria,6,True
498,IA_medio,18,Derrota,4,True
498,IA_dificil,17,Derrota,6,True
499,IA_facil,21,Victoria,5,False
499,IA_medio,14,Derrota,4,False
499,IA_dificil,11,Derrota,4,False
500,IA_facil,17,Derrota,6,True
500,IA_medio,18,Empate,5,True
500,IA_dificil,18,Empate,6,True
501,IA_facil,18,Derrota,5,True
501,IA_medio,18,Derrota,4,True
501,IA_dificil,20,Victoria,7,False
502,IA_facil,15,Derrota,4,False
502,IA_medio,6,Derrota,4,False
502,IA_dificil,21,Victoria,4,False
503,IA_facil,17,Derrota,5,True
503,IA_medio,20,Victoria,6,False
503,IA_dificil,18,Derrota,5,True
504,IA_facil,17,Derrota,4,True
504,IA_medio,20,Victoria,7,False
504,IA_dificil,19,Derrota,6,True
505,IA_facil,19,Victoria,5,True
505,IA_medio,17,Derrota,5,True
505,IA_dificil,17,Derrota,6,True
506,IA_facil,17,Derrota,6,True
506,IA_medio,19,Derrota,5,True
506,IA_dificil,20,Victoria,7,False
507,IA_facil,21,Victoria,7,False
507,IA_medio,19,Derrota,5,True
507,IA_dificil,19,Derrota,6,False
508,IA_facil,19,Victoria,7,True
508,IA_medio,22,Derrota,6,True
508,IA_dificil,17,Derrota,5,True
509,IA_facil,17,Derrota,5,True
509,IA_medio,18,Derrota,5,True
509,IA_dificil,20,Victoria,5,True
510,IA_facil,19,Derrota,5,False
510,IA_medio,15,Derrota,5,False
510,IA_dificil,21,Victoria,5,False
511,IA_facil,20,Victoria,6,True
511,IA_medio,19,Derrota,6,True
511,IA_dificil,18,Derrota,4,True
512,IA_facil,19,Empate,5,True
512,IA_medio,19,Empate,5,True
512,IA_dificil,18,Derrota,4,True
513,IA_facil,17,Derrota,6,True
513,IA_medio,17,Derrota,4,True
513,IA_dificil,20,Victoria,6,True
514,IA_facil,17,Derrota,5,True
514,IA_medio,17,Derrota,7,True
514,IA_dificil,20,Victoria,8,False
515,IA_facil,19,Empate,6,True
515,IA_medio,19,Empate,4,True
515,IA_dificil,17,Derrota,6,True
516,IA_facil,21,Victoria,5,False
516,IA_medio,8,Derrota,4,False
516,IA_dificil,12,Derrota,4,False
517,IA_facil,17,Derrota,4,True
517,IA_medio,17,Derrota,5,True
517,IA_dificil,19,Victoria,5,True
518,IA_facil,18,Derrota,5,True
518,IA_medio,20,Empate,6,True
518,IA_dificil,20,Empate,8,False
519,IA_facil,17,Derrota,5,True
519,IA_medio,19,Victoria,6,False
519,IA_dificil,17,Derrota,5,True
520,IA_facil,17,Derrota,4,True
520,IA_medio,19,Victoria,4,True
520,IA_dificil,18,Derrota,5,True
521,IA_facil,17,Derrota,4,True
521,IA_medio,20,Victoria,5,False
521,IA_dificil,18,Derrota,4,True
522,IA_facil,18,Empate,4,True
522,IA_medio,18,Empate,6,True
522,IA_dificil,17,Derrota,6,True
523,IA_facil,19,Derrota,5,True
523,IA_medio,21,Victoria,8,False
523,IA_dificil,18,Derrota,5,True
524,IA_facil,21,Victoria,6,False
524,IA_medio,19,Derrota,4,True
524,IA_dificil,16,Derrota,5,False
525,IA_facil,17,Derrota,5,True
525,IA_medio,19,Victoria,5,True
525,IA_dificil,18,Derrota,4,True
526,IA_facil,19,Victoria,6,True
526,IA_medio,18,Derrota,4,True
526,IA_dificil,17,Derrota,6,True
527,IA_facil,19,Empate,4,True
527,IA_medio,18,Derrota,8,True
527,IA_dificil,19,Empate,6,True
528,IA_facil,19,Victoria,7,False
528,IA_medio,17,Derrota,5,True
528,IA_dificil,17,Derrota,6,True
529,IA_facil,18,Derrota,7,True
529,IA_medio,19,Derrota,7,True
529,IA_dificil,20,Victoria,6,True
530,IA_facil,18,Victoria,5,True
530,IA_medio,17,Derrota,8,True
530,IA_dificil,17,Derrota,4,True
531,IA_facil,21,Victoria,5,False
531,IA_medio,11,Derrota,4,False
531,IA_dificil,15,Derrota,4,False
532,IA_facil,17,Derrota,7,True
532,IA_medio,20,Victoria,5,True
532,IA_dificil,18,Derrota,6,True
533,IA_facil,19,Victoria,4,True
533,IA_medio,18,Derrota,5,True
533,IA_dificil,17,Derrota,4,True
534,IA_facil,18,Victoria,6,False
534,IA_medio,17,Derrota,5,True
534,IA_dificil,17,Derrota,4,True
535,IA_facil,14,Derrota,5,False
535,IA_medio,21,Victoria,5,False
535,IA_dificil,15,Derrota,4,False
536,IA_facil,19,Derrota,5,True
536,IA_medio,18,Derrota,4,True
536,IA_dificil,20,Victoria,6,False
537,IA_facil,18,Empate,6,False
537,IA_medio,18,Empate,5,True
537,IA_dificil,17,Derrota,3,True
538,IA_facil,21,Victoria,5,False
538,IA_medio,11,Derrota,4,False
538,IA_dificil,15,Derrota,4,False
539,IA_facil,17,Derrota,4,True
539,IA_medio,19,Empate,7,False
539,IA_dificil,19,Empate,4,True
540,IA_facil,18,Derrota,4,True
540,IA_medio,17,Derrota,6,True
540,IA_dificil,19,Victoria,6,True
541,IA_facil,18,Derrota,4,True
541,IA_medio,17,Derrota,5,False
541,IA_dificil,21,Victoria,5,False
542,IA_facil,20,Victoria,5,True
542,IA_medio,18,Derrota,6,True
542,IA_dificil,18,Derrota,5,True
543,IA_facil,21,Victoria,4,False
543,IA_medio,17,Derrota,3,False
543,IA_dificil,9,Derrota,3,False
544,IA_facil,18,Victoria,5,True
544,IA_medio,17,Derrota,8,True
544,IA_dificil,17,Derrota,5,True
545,IA_facil,17,Empate,5,False
545,IA_medio,17,Empate,4,True
545,IA_dificil,17,Empate,4,True
546,IA_facil,19,Empate,5,True
546,IA_medio,19,Empate,4,True
546,IA_dificil,17,Derrota,6,True
547,IA_facil,18,Victoria,6,True
547,IA_medio,17,Derrota,6,True
547,IA_dificil,17,Derrota,6,True
548,IA_facil,18,Empate,5,True
548,IA_medio,18,Empate,4,True
548,IA_dificil,18,Empate,5,True
549,IA_facil,20,Empate,4,True
549,IA_medio,20,Empate,5,True
549,IA_dificil,19,Derrota,5,True
550,IA_facil,21,Victoria,4,False
550,IA_medio,11,Derrota,3,False
550,IA_dificil,11,Derrota,3,False
551,IA_facil,17,Derrota,8,True
551,IA_medio,19,Victoria,5,True
551,IA_dificil,17,Derrota,4,True
552,IA_facil,18,Derrota,6,False
552,IA_medio,21,Victoria,6,False
552,IA_dificil,19,Derrota,5,False
553,IA_facil,21,Victoria,4,False
553,IA_medio,6,Derrota,3,False
553,IA_dificil,9,Derrota,3,False
554,IA_facil,18,Derrota,4,True
554,IA_medio,19,Victoria,7,True
554,IA_dificil,22,Derrota,6,True
555,IA_facil,22,Derrota,6,True
555,IA_medio,21,Victoria,7,False
555,IA_dificil,17,Derrota,5,True
556,IA_facil,20,Empate,6,True
556,IA_medio,17,Derrota,5,True
556,IA_dificil,20,Empate,6,True
557,IA_facil,17,Empate,6,True
557,IA_medio,22,Derrota,5,True
557,IA_dificil,17,Empate,8,True
558,IA_facil,18,Empate,5,True
558,IA_medio,17,Derrota,7,True
558,IA_dificil,18,Empate,5,True
559,IA_facil,17,Derrota,5,True
559,IA_medio,19,Empate,5,True
559,IA_dificil,19,Empate,4,True
560,IA_facil,7,Derrota,5,False
560,IA_medio,21,Victoria,5,False
560,IA_dificil,15,Derrota,4,False
561,IA_facil,17,Derrota,6,True
561,IA_medio,17,Derrota,6,True
561,IA_dificil,20,Victoria,4,True
562,IA_facil,17,Derrota,4,True
562,IA_medio,18,Derrota,4,True
562,IA_dificil,21,Victoria,5,False
563,IA_facil,17,Derrota,4,True
563,IA_medio,17,Derrota,5,True
563,IA_dificil,20,Victoria,5,True
564,IA_facil,18,Derrota,7,False
564,IA_medio,21,Victoria,7,False
564,IA_dificil,20,Derrota,4,True
565,IA_facil,19,Victoria,8,True
565,IA_medio,17,Derrota,4,True
565,IA_dificil,22,Derrota,6,True
566,IA_facil,20,Empate,4,True
566,IA_medio,17,Derrota,4,True
566,IA_dificil,20,Empate,7,False
567,IA_facil,22,Derrota,5,True
567,IA_medio,18,Victoria,8,True
567,IA_dificil,17,Derrota,4,True
568,IA_facil,15,Derrota,5,False
568,IA_medio,17,Derrota,3,True
568,IA_dificil,21,Victoria,5,False
569,IA_facil,21,Victoria,4,False
569,IA_medio,11,Derrota,3,False
569,IA_dificil,16,Derrota,3,False
570,IA_facil,18,Derrota,6,False
570,IA_medio,21,Victoria,6,False
570,IA_dificil,17,Derrota,4,True
571,IA_facil,19,Empate,5,True
571,IA_medio,17,Derrota,5,True
571,IA_dificil,19,Empate,4,True
572,IA_facil,20,Victoria,4,True
572,IA_medio,18,Derrota,6,True
572,IA_dificil,18,Derrota,6,True
573,IA_facil,18,Derrota,4,True
573,IA_medio,17,Derrota,3,True
573,IA_dificil,19,Victoria,4,True
574,IA_facil,18,Derrota,5,True
574,IA_medio,20,Victoria,8,False
574,IA_dificil,19,Derrota,7,True
575,IA_facil,17,Derrota,4,True
575,IA_medio,14,Derrota,5,False
575,IA_dificil,21,Victoria,5,False
576,IA_facil,19,Empate,4,True
576,IA_medio,19,Empate,5,True
576,IA_dificil,17,Derrota,7,True
577,IA_facil,20,Victoria,5,True
577,IA_medio,17,Derrota,4,True
577,IA_dificil,18,Derrota,6,True
578,IA_facil,18,Derrota,6,True
578,IA_medio,19,Victoria,6,True
578,IA_dificil,18,Derrota,5,True
579,IA_facil,22,Derrota,6,True
579,IA_medio,19,Empate,4,True
579,IA_dificil,19,Empate,8,True
580,IA_facil,17,Derrota,6,True
580,IA_medio,18,Derrota,6,True
580,IA_dificil,20,Victoria,5,True
581,IA_facil,20,Victoria,5,True
581,IA_medio,17,Derrota,4,True
581,IA_dificil,18,Derrota,5,True
582,IA_facil,21,Victoria,5,False
582,IA_medio,11,Derrota,4,False
582,IA_dificil,18,Derrota,4,False
583,IA_facil,17,Derrota,8,True
583,IA_medio,18,Derrota,8,True
583,IA_dificil,20,Victoria,6,True
584,IA_facil,17,Derrota,4,True
584,IA_medio,18,Empate,5,True
584,IA_dificil,18,Empate,6,False
585,IA_facil,18,Derrota,4,True
585,IA_medio,19,Victoria,7,False
585,IA_dificil,18,Derrota,5,True
586,IA_facil,20,Derrota,4,True
586,IA_medio,21,Victoria,7,False
586,IA_dificil,17,Derrota,5,True
587,IA_facil,18,Victoria,5,False
587,IA_medio,17,Derrota,3,True
587,IA_dificil,17,Derrota,4,True
588,IA_facil,17,Derrota,5,True
588,IA_medio,18,Derrota,5,True
588,IA_dificil,19,Victoria,5,True
589,IA_facil,22,Derrota,5,True
589,IA_medio,19,Empate,4,True
589,IA_dificil,19,Empate,6,True
590,IA_facil,17,Derrota,6,True
590,IA_medio,18,Derrota,5,True
590,IA_dificil,19,Victoria,4,True
591,IA_facil,17,Derrota,5,True
591,IA_medio,21,Victoria,6,False
591,IA_dificil,18,Derrota,4,True
592,IA_facil,17,Derrota,5,True
592,IA_medio,19,Derrota,5,True
592,IA_dificil,20,Victoria,6,False
593,IA_facil,19,Derrota,6,True
593,IA_medio,19,Derrota,5,True
593,IA_dificil,20,Victoria,8,False
594,IA_facil,19,Empate,6,True
594,IA_medio,19,Empate,4,True
594,IA_dificil,17,Derrota,6,True
595,IA_facil,17,Derrota,6,True
595,IA_medio,17,Derrota,7,True
595,IA_dificil,19,Victoria,6,True
596,IA_facil,20,Victoria,5,True
596,IA_medio,18,Derrota,5,True
596,IA_dificil,18,Derrota,6,True
597,IA_facil,19,Empate,6,False
597,IA_medio,19,Empate,4,True
597,IA_dificil,17,Derrota,4,True
598,IA_facil,20,Victoria,6,True
598,IA_medio,18,Derrota,5,True
598,IA_dificil,19,Derrota,6,True
599,IA_facil,17,Empate,5,True
599,IA_medio,17,Empate,5,True
599,IA_dificil,17,Empate,5,True
600,IA_facil,18,Victoria,5,True
600,IA_medio,17,Derrota,7,True
600,IA_dificil,17,Derrota,6,True
601,IA_facil,20,Victoria,4,True
601,IA_medio,18,Derrota,5,True
601,IA_dificil,18,Derrota,4,True
602,IA_facil,17,Derrota,4,True
602,IA_medio,19,Empate,6,True
602,IA_dificil,19,Empate,7,False
603,IA_facil,18,Victoria,4,True
603,IA_medio,17,Derrota,6,True
603,IA_dificil,17,Derrota,4,True
604,IA_facil,21,Victoria,6,False
604,IA_medio,16,Derrota,5,False
604,IA_dificil,17,Derrota,4,True
605,IA_facil,18,Derrota,5,True
605,IA_medio,18,Derrota,5,True
605,IA_dificil,21,Victoria,7,False
606,IA_facil,17,Derrota,4,True
606,IA_medio,19,Empate,6,False
606,IA_dificil,19,Empate,4,True
607,IA_facil,21,Victoria,6,False
607,IA_medio,16,Derrota,5,False
607,IA_dificil,22,Derrota,5,True
608,IA_facil,20,Victoria,5,False
608,IA_medio,19,Derrota,4,True
608,IA_dificil,17,Derrota,4,True
609,IA_facil,19,Derrota,6,True
609,IA_medio,17,Derrota,5,True
609,IA_dificil,20,Victoria,6,True
610,IA_facil,18,Derrota,6,True
610,IA_medio,20,Victoria,7,False
610,IA_dificil,18,Derrota,6,True
611,IA_facil,17,Derrota,4,True
611,IA_medio,18,Empate,5,True
611,IA_dificil,18,Empate,6,False
612,IA_facil,18,Derrota,6,True
612,IA_medio,20,Victoria,5,True
612,IA_dificil,17,Derrota,5,True
613,IA_facil,17,Derrota,5,True
613,IA_medio,18,Victoria,3,True
613,IA_dificil,17,Derrota,5,True
614,IA_facil,17,Derrota,5,True
614,IA_medio,19,Victoria,6,False
614,IA_dificil,17,Derrota,4,True
615,IA_facil,17,Derrota,6,False
615,IA_medio,20,Derrota,6,False
615,IA_dificil,21,Victoria,6,False
616,IA_facil,18,Derrota,5,True
616,IA_medio,17,Derrota,5,True
616,IA_dificil,19,Victoria,4,True
617,IA_facil,22,Derrota,4,True
617,IA_medio,19,Victoria,5,True
617,IA_dificil,17,Derrota,5,True
618,IA_facil,17,Derrota,4,True
618,IA_medio,19,Empate,4,True
618,IA_dificil,19,Empate,5,False
619,IA_facil,17,Empate,5,True
619,IA_medio,17,Empate,6,True
619,IA_dificil,22,Derrota,4,True
620,IA_facil,19,Derrota,6,True
620,IA_medio,20,Empate,6,True
620,IA_dificil,20,Empate,6,True
621,IA_facil,22,Derrota,9,True
621,IA_medio,20,Victoria,9,True
621,IA_dificil,17,Derrota,5,True
622,IA_facil,17,Derrota,5,True
622,IA_medio,19,Derrota,4,True
622,IA_dificil,20,Victoria,5,True
623,IA_facil,21,Victoria,5,False
623,IA_medio,14,Derrota,4,False
623,IA_dificil,9,Derrota,4,False
624,IA_facil,20,Victoria,4,True
624,IA_medio,18,Derrota,6,True
624,IA_dificil,19,Derrota,6,True
625,IA_facil,20,Victoria,10,False
625,IA_medio,18,Derrota,5,True
625,IA_dificil,17,Derrota,7,True
626,IA_facil,19,Derrota,6,True
626,IA_medio,20,Victoria,5,True
626,IA_dificil,17,Derrota,4,True
627,IA_facil,17,Derrota,7,True
627,IA_medio,18,Derrota,4,True
627,IA_dificil,19,Victoria,5,True
628,IA_facil,19,Derrota,6,True
628,IA_medio,20,Victoria,6,True
628,IA_dificil,17,Derrota,7,True
629,IA_facil,19,Victoria,5,True
629,IA_medio,17,Derrota,3,True
629,IA_dificil,17,Derrota,7,True
630,IA_facil,17,Derrota,5,True
630,IA_medio,19,Empate,6,False
630,IA_dificil,19,Empate,4,True
631,IA_facil,17,Derrota,6,True
631,IA_medio,18,Derrota,4,True
631,IA_dificil,19,Victoria,4,True
632,IA_facil,20,Victoria,6,True
632,IA_medio,18,Derrota,5,True
632,IA_dificil,22,Derrota,5,True
633,IA_facil,17,Derrota,6,True
633,IA_medio,18,Derrota,6,True
633,IA_dificil,20,Victoria,7,False
634,IA_facil,20,Derrota,4,True
634,IA_medio,21,Victoria,5,False
634,IA_dificil,18,Derrota,4,False
635,IA_facil,19,Victoria,7,False
635,IA_medio,18,Derrota,4,True
635,IA_dificil,18,Derrota,6,True
636,IA_facil,18,Empate,8,False
636,IA_medio,18,Empate,5,True
636,IA_dificil,18,Empate,3,True
637,IA_facil,16,Derrota,7,False
637,IA_medio,18,Derrota,3,True
637,IA_dificil,21,Victoria,7,False
638,IA_facil,19,Derrota,4,True
638,IA_medio,18,Derrota,5,True
638,IA_dificil,21,Victoria,10,False
639,IA_facil,18,Derrota,4,True
639,IA_medio,20,Empate,6,False
639,IA_dificil,20,Empate,5,True
640,IA_facil,21,Victoria,5,False
640,IA_medio,17,Derrota,4,False
640,IA_dificil,12,Derrota,4,False
641,IA_facil,17,Derrota,5,True
641,IA_medio,20,Victoria,5,True
641,IA_dificil,18,Derrota,6,True
642,IA_facil,20,Derrota,5,True
642,IA_medio,21,Victoria,6,False
642,IA_dificil,15,Derrota,5,False
643,IA_facil,17,Derrota,5,True
643,IA_medio,19,Victoria,5,True
643,IA_dificil,17,Derrota,5,True
644,IA_facil,17,Derrota,4,True
644,IA_medio,20,Victoria,8,False
644,IA_dificil,19,Derrota,4,True
645,IA_facil,15,Derrota,5,False
645,IA_medio,21,Victoria,5,False
645,IA_dificil,20,Derrota,4,False
646,IA_facil,19,Victoria,4,True
646,IA_medio,17,Derrota,7,True
646,IA_dificil,17,Derrota,6,True
647,IA_facil,17,Derrota,6,True
647,IA_medio,19,Victoria,7,False
647,IA_dificil,17,Derrota,6,True
648,IA_facil,17,Empate,4,True
648,IA_medio,17,Empate,3,True
648,IA_dificil,17,Empate,6,False
649,IA_facil,18,Derrota,4,True
649,IA_medio,19,Empate,5,True
649,IA_dificil,19,Empate,6,False
650,IA_facil,17,Derrota,3,True
650,IA_medio,20,Victoria,5,True
650,IA_dificil,18,Derrota,5,True
651,IA_facil,19,Derrota,6,False
651,IA_medio,21,Victoria,6,False
651,IA_dificil,12,Derrota,5,False
652,IA_facil,18,Empate,5,True
652,IA_medio,17,Derrota,4,True
652,IA_dificil,18,Empate,6,False
653,IA_facil,17,Derrota,7,True
653,IA_medio,17,Derrota,5,True
653,IA_dificil,19,Victoria,5,True
654,IA_facil,20,Empate,7,True
654,IA_medio,20,Empate,7,True
654,IA_dificil,17,Derrota,6,True
655,IA_facil,17,Derrota,6,True
655,IA_medio,20,Empate,6,True
655,IA_dificil,20,Empate,6,True
656,IA_facil,19,Victoria,4,True
656,IA_medio,18,Derrota,4,True
656,IA_dificil,17,Derrota,6,True
657,IA_facil,17,Derrota,5,True
657,IA_medio,18,Empate,5,True
657,IA_dificil,18,Empate,7,False
658,IA_facil,20,Victoria,5,True
658,IA_medio,17,Derrota,4,True
658,IA_dificil,18,Derrota,6,True
659,IA_facil,17,Derrota,6,True
659,IA_medio,17,Derrota,4,True
659,IA_dificil,19,Victoria,6,True
660,IA_facil,18,Derrota,6,True
660,IA_medio,19,Victoria,5,True
660,IA_dificil,22,Derrota,6,True
661,IA_facil,20,Victoria,5,True
661,IA_medio,17,Derrota,3,True
661,IA_dificil,17,Derrota,7,True
662,IA_facil,20,Empate,5,True
662,IA_medio,17,Derrota,6,True
662,IA_dificil,20,Empate,7,False
663,IA_facil,17,Derrota,3,True
663,IA_medio,19,Victoria,6,False
663,IA_dificil,17,Derrota,4,True
664,IA_facil,22,Derrota,4,True
664,IA_medio,18,Victoria,5,True
664,IA_dificil,17,Derrota,5,True
665,IA_facil,21,Victoria,4,False
665,IA_medio,12,Derrota,3,False
665,IA_dificil,15,Derrota,3,False
666,IA_facil,17,Derrota,4,True
666,IA_medio,19,Victoria,5,True
666,IA_dificil,17,Derrota,7,True
667,IA_facil,17,Derrota,6,True
667,IA_medio,17,Derrota,5,True
667,IA_dificil,18,Victoria,5,True
668,IA_facil,20,Victoria,5,True
668,IA_medio,17,Derrota,5,True
668,IA_dificil,17,Derrota,5,True
669,IA_facil,17,Derrota,5,True
669,IA_medio,20,Victoria,8,False
669,IA_dificil,18,Derrota,6,True
670,IA_facil,22,Derrota,7,True
670,IA_medio,18,Derrota,3,True
670,IA_dificil,19,Victoria,6,True
671,IA_facil,18,Empate,5,True
671,IA_medio,18,Empate,6,False
671,IA_dificil,17,Derrota,4,True
672,IA_facil,17,Derrota,5,True
672,IA_medio,22,Derrota,4,True
672,IA_dificil,18,Victoria,5,True
673,IA_facil,17,Derrota,5,False
673,IA_medio,20,Derrota,5,False
673,IA_dificil,21,Victoria,5,False
674,IA_facil,22,Derrota,6,True
674,IA_medio,18,Victoria,6,True
674,IA_dificil,17,Derrota,6,True
675,IA_facil,17,Empate,6,True
675,IA_medio,22,Derrota,7,True
675,IA_dificil,17,Empate,3,True
676,IA_facil,19,Victoria,6,False
676,IA_medio,18,Derrota,4,True
676,IA_dificil,18,Derrota,4,True
677,IA_facil,21,Victoria,4,False
677,IA_medio,9,Derrota,3,False
677,IA_dificil,6,Derrota,3,False
678,IA_facil,21,Victoria,6,False
678,IA_medio,18,Derrota,4,True
678,IA_dificil,17,Derrota,4,True
679,IA_facil,21,Victoria,6,False
679,IA_medio,15,Derrota,5,False
679,IA_dificil,15,Derrota,5,False
680,IA_facil,18,Derrota,4,True
680,IA_medio,20,Victoria,6,True
680,IA_dificil,17,Derrota,6,True
681,IA_facil,22,Derrota,8,True
681,IA_medio,17,Derrota,5,True
681,IA_dificil,19,Victoria,5,True
682,IA_facil,20,Empate,5,False
682,IA_medio,20,Empate,4,True
682,IA_dificil,19,Derrota,4,True
683,IA_facil,17,Derrota,4,True
683,IA_medio,18,Derrota,5,True
683,IA_dificil,21,Victoria,6,False
684,IA_facil,19,Empate,4,True
684,IA_medio,17,Derrota,4,True
684,IA_dificil,19,Empate,4,True
685,IA_facil,20,Derrota,4,True
685,IA_medio,20,Derrota,5,True
685,IA_dificil,21,Victoria,6,False
686,IA_facil,19,Victoria,5,True
686,IA_medio,17,Derrota,6,True
686,IA_dificil,18,Derrota,4,True
687,IA_facil,17,Empate,5,True
687,IA_medio,17,Empate,6,True
687,IA_dificil,22,Derrota,8,True
688,IA_facil,17,Derrota,5,True
688,IA_medio,19,Victoria,5,True
688,IA_dificil,22,Derrota,6,True
689,IA_facil,21,Victoria,5,False
689,IA_medio,13,Derrota,4,False
689,IA_dificil,17,Derrota,4,False
690,IA_facil,18,Derrota,7,True
690,IA_medio,18,Derrota,5,True
690,IA_dificil,19,Victoria,6,True
691,IA_facil,17,Derrota,4,True
691,IA_medio,20,Derrota,6,False
691,IA_dificil,21,Victoria,6,False
692,IA_facil,21,Victoria,5,False
692,IA_medio,17,Derrota,4,False
692,IA_dificil,15,Derrota,4,False
693,IA_facil,14,Derrota,6,False
693,IA_medio,21,Victoria,6,False
693,IA_dificil,9,Derrota,5,False
694,IA_facil,17,Derrota,7,True
694,IA_medio,20,Victoria,4,True
694,IA_dificil,19,Derrota,6,True
695,IA_facil,20,Empate,6,True
695,IA_medio,20,Empate,7,True
695,IA_dificil,20,Empate,8,False
696,IA_facil,17,Derrota,5,True
696,IA_medio,19,Victoria,6,True
696,IA_dificil,18,Derrota,6,True
697,IA_facil,20,Victoria,6,True
697,IA_medio,19,Derrota,4,True
697,IA_dificil,18,Derrota,7,True
698,IA_facil,19,Victoria,5,True
698,IA_medio,17,Derrota,6,True
698,IA_dificil,17,Derrota,4,True
699,IA_facil,19,Empate,4,True
699,IA_medio,19,Empate,7,False
699,IA_dificil,17,Derrota,5,True
700,IA_facil,17,Derrota,6,True
700,IA_medio,20,Empate,6,True
700,IA_dificil,20,Empate,8,False
701,IA_facil,17,Derrota,4,True
701,IA_medio,22,Derrota,7,True
701,IA_dificil,19,Victoria,5,True
702,IA_facil,19,Derrota,5,False
702,IA_medio,19,Derrota,5,False
702,IA_dificil,21,Victoria,5,False
703,IA_facil,18,Empate,7,False
703,IA_medio,18,Empate,6,True
703,IA_dificil,17,Derrota,3,True
704,IA_facil,18,Derrota,4,False
704,IA_medio,9,Derrota,4,False
704,IA_dificil,21,Victoria,4,False
705,IA_facil,20,Victoria,8,False
705,IA_medio,18,Derrota,4,True
705,IA_dificil,18,Derrota,6,True
706,IA_facil,19,Derrota,7,False
706,IA_medio,21,Victoria,7,False
706,IA_dificil,19,Derrota,5,True
707,IA_facil,22,Derrota,5,True
707,IA_medio,18,Derrota,4,True
707,IA_dificil,19,Victoria,6,True
708,IA_facil,17,Derrota,7,True
708,IA_medio,19,Empate,5,True
708,IA_dificil,19,Empate,5,True
709,IA_facil,19,Derrota,5,True
709,IA_medio,20,Victoria,5,True
709,IA_dificil,19,Derrota,5,True
710,IA_facil,17,Derrota,6,True
710,IA_medio,20,Empate,8,False
710,IA_dificil,20,Empate,6,True
711,IA_facil,21,Victoria,6,False
711,IA_medio,11,Derrota,5,False
711,IA_dificil,16,Derrota,5,False
712,IA_facil,17,Derrota,3,True
712,IA_medio,18,Derrota,5,True
712,IA_dificil,21,Victoria,6,False
713,IA_facil,17,Empate,5,True
713,IA_medio,17,Empate,5,True
713,IA_dificil,17,Empate,5,True
714,IA_facil,17,Empate,5,True
714,IA_medio,17,Empate,5,True
714,IA_dificil,17,Empate,5,True
715,IA_facil,12,Derrota,6,False
715,IA_medio,16,Derrota,6,False
715,IA_dificil,21,Victoria,6,False
716,IA_facil,22,Derrota,6,True
716,IA_medio,21,Victoria,6,False
716,IA_dificil,18,Derrota,4,True
717,IA_facil,21,Victoria,6,False
717,IA_medio,18,Derrota,5,False
717,IA_dificil,15,Derrota,5,False
718,IA_facil,17,Derrota,5,True
718,IA_medio,20,Empate,7,False
718,IA_dificil,20,Empate,6,True
719,IA_facil,22,Derrota,5,True
719,IA_medio,18,Derrota,7,True
719,IA_dificil,20,Victoria,8,True
720,IA_facil,18,Victoria,4,True
720,IA_medio,17,Derrota,4,True
720,IA_dificil,17,Derrota,4,True
721,IA_facil,18,Derrota,5,False
721,IA_medio,21,Victoria,5,False
721,IA_dificil,18,Derrota,4,False
722,IA_facil,19,Derrota,5,False
722,IA_medio,14,Derrota,5,False
722,IA_dificil,21,Victoria,5,False
723,IA_facil,17,Derrota,4,False
723,IA_medio,21,Victoria,4,False
723,IA_dificil,13,Derrota,3,False
724,IA_facil,18,Derrota,4,True
724,IA_medio,18,Derrota,6,True
724,IA_dificil,20,Victoria,6,True
725,IA_facil,18,Derrota,4,True
725,IA_medio,20,Victoria,5,True
725,IA_dificil,18,Derrota,5,True
726,IA_facil,17,Derrota,5,True
726,IA_medio,18,Victoria,4,True
726,IA_dificil,17,Derrota,6,True
727,IA_facil,17,Derrota,6,True
727,IA_medio,20,Victoria,6,True
727,IA_dificil,19,Derrota,6,True
728,IA_facil,20,Victoria,7,False
728,IA_medio,19,Derrota,5,True
728,IA_dificil,19,Derrota,4,True
729,IA_facil,18,Empate,4,True
729,IA_medio,18,Empate,6,True
729,IA_dificil,18,Empate,6,True
730,IA_facil,19,Empate,5,False
730,IA_medio,17,Derrota,4,True
730,IA_dificil,19,Empate,4,True
731,IA_facil,20,Victoria,6,False
731,IA_medio,17,Derrota,5,True
731,IA_dificil,19,Derrota,5,True
732,IA_facil,17,Derrota,6,True
732,IA_medio,14,Derrota,7,False
732,IA_dificil,21,Victoria,7,False
733,IA_facil,20,Derrota,5,False
733,IA_medio,21,Victoria,5,False
733,IA_dificil,19,Derrota,4,False
734,IA_facil,17,Empate,6,True
734,IA_medio,17,Empate,6,True
734,IA_dificil,17,Empate,5,True
735,IA_facil,20,Victoria,5,True
735,IA_medio,17,Derrota,5,True
735,IA_dificil,18,Derrota,6,True
736,IA_facil,18,Derrota,6,True
736,IA_medio,19,Empate,4,True
736,IA_dificil,19,Empate,6,True
737,IA_facil,18,Derrota,5,True
737,IA_medio,21,Victoria,6,False
737,IA_dificil,19,Derrota,5,False
738,IA_facil,20,Empate,5,True
738,IA_medio,18,Derrota,5,True
738,IA_dificil,20,Empate,5,True
739,IA_facil,17,Derrota,5,True
739,IA_medio,18,Derrota,4,True
739,IA_dificil,19,Victoria,9,False
740,IA_facil,21,Victoria,6,False
740,IA_medio,16,Derrota,5,False
740,IA_dificil,19,Derrota,5,False
741,IA_facil,20,Victoria,4,True
741,IA_medio,17,Derrota,6,True
741,IA_dificil,19,Derrota,6,True
742,IA_facil,17,Derrota,5,True
742,IA_medio,20,Victoria,7,False
742,IA_dificil,19,Derrota,5,True
743,IA_facil,20,Victoria,4,True
743,IA_medio,17,Derrota,4,True
743,IA_dificil,18,Derrota,5,True
744,IA_facil,18,Victoria,5,True
744,IA_medio,22,Derrota,5,True
744,IA_dificil,17,Derrota,6,True
745,IA_facil,17,Empate,5,True
745,IA_medio,17,Empate,6,False
745,IA_dificil,17,Empate,5,True
746,IA_facil,17,Derrota,5,True
746,IA_medio,19,Derrota,6,False
746,IA_dificil,21,Victoria,6,False
747,IA_facil,17,Derrota,5,True
747,IA_medio,20,Victoria,7,False
747,IA_dificil,18,Derrota,6,True
748,IA_facil,17,Derrota,6,True
748,IA_medio,18,Empate,6,True
748,IA_dificil,18,Empate,5,True
749,IA_facil,18,Derrota,5,True
749,IA_medio,18,Derrota,5,True
749,IA_dificil,20,Victoria,5,True
750,IA_facil,20,Empate,5,True
750,IA_medio,20,Empate,6,False
750,IA_dificil,19,Derrota,4,True
751,IA_facil,21,Victoria,5,False
751,IA_medio,14,Derrota,4,False
751,IA_dificil,9,Derrota,4,False
752,IA_facil,17,Derrota,8,True
752,IA_medio,19,Derrota,5,True
752,IA_dificil,20,Victoria,7,True
753,IA_facil,17,Derrota,7,True
753,IA_medio,17,Derrota,4,True
753,IA_dificil,20,Victoria,6,True
754,IA_facil,21,Victoria,5,False
754,IA_medio,9,Derrota,4,False
754,IA_dificil,12,Derrota,4,False
755,IA_facil,17,Derrota,4,True
755,IA_medio,19,Empate,6,False
755,IA_dificil,19,Empate,5,True
756,IA_facil,17,Derrota,5,True
756,IA_medio,18,Derrota,5,True
756,IA_dificil,20,Victoria,5,True
757,IA_facil,18,Empate,5,True
757,IA_medio,18,Empate,4,True
757,IA_dificil,18,Empate,7,False
758,IA_facil,17,Derrota,6,True
758,IA_medio,18,Empate,6,True
758,IA_dificil,18,Empate,5,True
759,IA_facil,17,Derrota,5,False
759,IA_medio,21,Victoria,5,False
759,IA_dificil,16,Derrota,4,False
760,IA_facil,18,Derrota,5,True
760,IA_medio,20,Victoria,7,True
760,IA_dificil,17,Derrota,7,True
761,IA_facil,18,Empate,4,True
761,IA_medio,17,Derrota,5,True
761,IA_dificil,18,Empate,7,False
762,IA_facil,15,Derrota,5,False
762,IA_medio,17,Derrota,5,False
762,IA_dificil,21,Victoria,5,False
763,IA_facil,19,Derrota,5,True
763,IA_medio,21,Victoria,6,False
763,IA_dificil,17,Derrota,4,True
764,IA_facil,17,Derrota,5,True
764,IA_medio,17,Derrota,6,True
764,IA_dificil,20,Victoria,4,True
765,IA_facil,19,Derrota,5,True
765,IA_medio,20,Victoria,5,True
765,IA_dificil,17,Derrota,4,True
766,IA_facil,18,Empate,5,True
766,IA_medio,18,Empate,4,True
766,IA_dificil,22,Derrota,7,True
767,IA_facil,17,Derrota,5,True
767,IA_medio,17,Derrota,6,True
767,IA_dificil,19,Victoria,5,True
768,IA_facil,20,Victoria,5,True
768,IA_medio,19,Derrota,5,True
768,IA_dificil,18,Derrota,8,True
769,IA_facil,21,Victoria,6,False
769,IA_medio,15,Derrota,5,False
769,IA_dificil,18,Derrota,4,True
770,IA_facil,18,Victoria,5,True
770,IA_medio,17,Derrota,5,True
770,IA_dificil,17,Derrota,5,True
771,IA_facil,17,Derrota,5,True
771,IA_medio,21,Victoria,7,False
771,IA_dificil,19,Derrota,6,False
772,IA_facil,18,Derrota,6,True
772,IA_medio,17,Derrota,6,True
772,IA_dificil,21,Victoria,8,False
773,IA_facil,17,Derrota,6,True
773,IA_medio,17,Derrota,7,True
773,IA_dificil,18,Victoria,5,True
774,IA_facil,17,Derrota,4,True
774,IA_medio,19,Victoria,5,False
774,IA_dificil,17,Derrota,4,True
775,IA_facil,21,Victoria,7,False
775,IA_medio,22,Derrota,6,True
775,IA_dificil,19,Derrota,4,True
776,IA_facil,19,Derrota,4,True
776,IA_medio,19,Derrota,5,True
776,IA_dificil,20,Victoria,4,True
777,IA_facil,19,Derrota,5,False
777,IA_medio,15,Derrota,5,False
777,IA_dificil,21,Victoria,5,False
778,IA_facil,17,Derrota,4,True
778,IA_medio,19,Derrota,4,True
778,IA_dificil,20,Victoria,4,True
779,IA_facil,19,Victoria,7,False
779,IA_medio,18,Derrota,5,True
779,IA_dificil,17,Derrota,6,True
780,IA_facil,18,Derrota,4,True
780,IA_medio,21,Victoria,5,False
780,IA_dificil,18,Derrota,4,False
781,IA_facil,22,Derrota,5,True
781,IA_medio,17,Derrota,4,True
781,IA_dificil,20,Victoria,5,True
782,IA_facil,12,Derrota,4,False
782,IA_medio,10,Derrota,4,False
782,IA_dificil,21,Victoria,4,False
783,IA_facil,20,Victoria,5,False
783,IA_medio,18,Derrota,4,True
783,IA_dificil,18,Derrota,4,True
784,IA_facil,18,Derrota,6,True
784,IA_medio,19,Victoria,6,True
784,IA_dificil,17,Derrota,5,True
785,IA_facil,17,Derrota,3,True
785,IA_medio,16,Derrota,6,False
785,IA_dificil,21,Victoria,6,False
786,IA_facil,19,Empate,5,True
786,IA_medio,19,Empate,6,False
786,IA_dificil,17,Derrota,4,True
787,IA_facil,14,Derrota,4,False
787,IA_medio,9,Derrota,4,False
787,IA_dificil,21,Victoria,4,False
788,IA_facil,20,Empate,4,True
788,IA_medio,20,Empate,6,True
788,IA_dificil,20,Empate,6,True
789,IA_facil,19,Empate,5,True
789,IA_medio,19,Empate,8,False
789,IA_dificil,19,Empate,5,True
790,IA_facil,19,Victoria,5,True
790,IA_medio,18,Derrota,4,True
790,IA_dificil,17,Derrota,5,True
791,IA_facil,19,Victoria,8,False
791,IA_medio,17,Derrota,4,True
791,IA_dificil,18,Derrota,7,True
792,IA_facil,20,Victoria,6,False
792,IA_medio,18,Derrota,5,True
792,IA_dificil,18,Derrota,5,True
793,IA_facil,19,Derrota,7,True
793,IA_medio,20,Victoria,6,True
793,IA_dificil,22,Derrota,5,True
794,IA_facil,18,Victoria,6,False
794,IA_medio,17,Derrota,4,True
794,IA_dificil,17,Derrota,5,True
795,IA_facil,18,Derrota,7,True
795,IA_medio,20,Victoria,4,True
795,IA_dificil,22,Derrota,5,True
796,IA_facil,17,Derrota,4,True
796,IA_medio,21,Victoria,5,False
796,IA_dificil,15,Derrota,4,False
797,IA_facil,17,Derrota,6,True
797,IA_medio,22,Derrota,7,True
797,IA_dificil,20,Victoria,6,True
798,IA_facil,20,Victoria,5,True
798,IA_medio,18,Derrota,5,True
798,IA_dificil,19,Derrota,6,True
799,IA_facil,18,Derrota,5,True
799,IA_medio,17,Derrota,4,True
799,IA_dificil,19,Victoria,6,False
800,IA_facil,19,Derrota,8,True
800,IA_medio,19,Derrota,5,True
800,IA_dificil,20,Victoria,6,True
801,IA_facil,17,Derrota,4,True
801,IA_medio,18,Victoria,6,False
801,IA_dificil,17,Derrota,4,True
802,IA_facil,18,Derrota,4,True
802,IA_medio,21,Victoria,5,False
802,IA_dificil,16,Derrota,4,False
803,IA_facil,20,Derrota,5,False
803,IA_medio,21,Victoria,5,False
803,IA_dificil,11,Derrota,4,False
804,IA_facil,22,Derrota,6,True
804,IA_medio,17,Derrota,4,True
804,IA_dificil,20,Victoria,6,True
805,IA_facil,19,Derrota,6,False
805,IA_medio,20,Derrota,6,False
805,IA_dificil,21,Victoria,6,False
806,IA_facil,21,Victoria,5,False
806,IA_medio,14,Derrota,4,False
806,IA_dificil,13,Derrota,4,False
807,IA_facil,22,Derrota,5,True
807,IA_medio,17,Derrota,4,True
807,IA_dificil,20,Victoria,5,True
808,IA_facil,14,Derrota,6,False
808,IA_medio,17,Derrota,5,True
808,IA_dificil,21,Victoria,6,False
809,IA_facil,17,Derrota,5,True
809,IA_medio,19,Empate,4,True
809,IA_dificil,19,Empate,8,False
810,IA_facil,21,Victoria,4,False
810,IA_medio,16,Derrota,3,False
810,IA_dificil,13,Derrota,3,False
811,IA_facil,17,Derrota,5,False
811,IA_medio,21,Victoria,5,False
811,IA_dificil,9,Derrota,4,False
812,IA_facil,17,Derrota,6,True
812,IA_medio,19,Victoria,4,True
812,IA_dificil,18,Derrota,6,True
813,IA_facil,20,Empate,4,True
813,IA_medio,20,Empate,7,False
813,IA_dificil,17,Derrota,5,True
814,IA_facil,19,Derrota,5,True
814,IA_medio,20,Victoria,7,True
814,IA_dificil,17,Derrota,7,True
815,IA_facil,17,Derrota,6,True
815,IA_medio,20,Victoria,6,True
815,IA_dificil,18,Derrota,5,True
816,IA_facil,17,Derrota,6,True
816,IA_medio,18,Derrota,6,True
816,IA_dificil,19,Victoria,4,True
817,IA_facil,17,Derrota,5,True
817,IA_medio,18,Derrota,6,True
817,IA_dificil,19,Victoria,4,True
818,IA_facil,18,Victoria,4,True
818,IA_medio,17,Derrota,6,True
818,IA_dificil,17,Derrota,6,True
819,IA_facil,18,Derrota,4,True
819,IA_medio,18,Derrota,6,True
819,IA_dificil,20,Victoria,6,True
820,IA_facil,17,Derrota,4,True
820,IA_medio,22,Derrota,6,True
820,IA_dificil,18,Victoria,5,True
821,IA_facil,17,Derrota,6,True
821,IA_medio,19,Victoria,6,True
821,IA_dificil,17,Derrota,4,True
822,IA_facil,17,Derrota,4,True
822,IA_medio,19,Derrota,7,True
822,IA_dificil,20,Victoria,4,True
823,IA_facil,17,Derrota,5,True
823,IA_medio,19,Victoria,4,True
823,IA_dificil,18,Derrota,7,True
824,IA_facil,17,Derrota,4,True
824,IA_medio,17,Derrota,4,True
824,IA_dificil,21,Victoria,6,False
825,IA_facil,18,Derrota,4,True
825,IA_medio,22,Derrota,5,True
825,IA_dificil,19,Victoria,7,True
826,IA_facil,21,Victoria,6,False
826,IA_medio,13,Derrota,5,False
826,IA_dificil,17,Derrota,5,False
827,IA_facil,20,Victoria,7,True
827,IA_medio,17,Derrota,7,True
827,IA_dificil,18,Derrota,5,True
828,IA_facil,19,Derrota,6,True
828,IA_medio,20,Victoria,6,True
828,IA_dificil,17,Derrota,5,True
829,IA_facil,20,Victoria,5,True
829,IA_medio,18,Derrota,6,True
829,IA_dificil,17,Derrota,7,True
830,IA_facil,17,Derrota,6,True
830,IA_medio,18,Victoria,6,True
830,IA_dificil,17,Derrota,5,True
831,IA_facil,18,Derrota,5,True
831,IA_medio,20,Victoria,4,True
831,IA_dificil,18,Derrota,7,True
832,IA_facil,19,Derrota,8,True
832,IA_medio,18,Derrota,4,True
832,IA_dificil,20,Victoria,6,True
833,IA_facil,22,Derrota,6,True
833,IA_medio,19,Victoria,4,True
833,IA_dificil,18,Derrota,4,True
834,IA_facil,22,Derrota,9,True
834,IA_medio,18,Empate,6,True
834,IA_dificil,18,Empate,6,True
835,IA_facil,18,Derrota,6,True
835,IA_medio,18,Derrota,3,True
835,IA_dificil,20,Victoria,5,True
836,IA_facil,21,Victoria,7,False
836,IA_medio,19,Derrota,4,True
836,IA_dificil,16,Derrota,6,False
837,IA_facil,19,Derrota,5,True
837,IA_medio,19,Derrota,5,True
837,IA_dificil,21,Victoria,6,False
838,IA_facil,20,Empate,5,True
838,IA_medio,19,Derrota,4,True
838,IA_dificil,20,Empate,5,True
839,IA_facil,18,Derrota,6,True
839,IA_medio,19,Empate,5,True
839,IA_dificil,19,Empate,5,True
840,IA_facil,20,Derrota,4,True
840,IA_medio,21,Victoria,7,False
840,IA_dificil,19,Derrota,6,False
841,IA_facil,20,Derrota,5,False
841,IA_medio,21,Victoria,5,False
841,IA_dificil,14,Derrota,4,False
842,IA_facil,20,Victoria,6,True
842,IA_medio,17,Derrota,6,True
842,IA_dificil,17,Derrota,5,True
843,IA_facil,18,Derrota,7,True
843,IA_medio,18,Derrota,7,True
843,IA_dificil,20,Victoria,6,True
844,IA_facil,18,Derrota,6,True
844,IA_medio,19,Victoria,6,True
844,IA_dificil,17,Derrota,7,True
845,IA_facil,21,Victoria,6,False
845,IA_medio,14,Derrota,5,False
845,IA_dificil,19,Derrota,5,False
846,IA_facil,19,Victoria,6,True
846,IA_medio,17,Derrota,4,True
846,IA_dificil,17,Derrota,6,True
847,IA_facil,17,Derrota,3,True
847,IA_medio,20,Victoria,5,True
847,IA_dificil,18,Derrota,7,True
848,IA_facil,18,Derrota,4,True
848,IA_medio,19,Victoria,5,True
848,IA_dificil,18,Derrota,5,True
849,IA_facil,18,Empate,5,True
849,IA_medio,17,Derrota,5,True
849,IA_dificil,18,Empate,5,True
850,IA_facil,19,Empate,6,True
850,IA_medio,18,Derrota,6,True
850,IA_dificil,19,Empate,6,True
851,IA_facil,22,Derrota,5,True
851,IA_medio,18,Victoria,6,True
851,IA_dificil,22,Derrota,6,True
852,IA_facil,17,Derrota,4,True
852,IA_medio,21,Victoria,5,False
852,IA_dificil,13,Derrota,4,False
853,IA_facil,20,Victoria,7,False
853,IA_medio,18,Derrota,4,True
853,IA_dificil,19,Derrota,5,True
854,IA_facil,18,Victoria,6,True
854,IA_medio,17,Derrota,5,True
854,IA_dificil,17,Derrota,6,True
855,IA_facil,22,Derrota,5,True
855,IA_medio,20,Victoria,5,True
855,IA_dificil,19,Derrota,6,True
856,IA_facil,17,Derrota,5,True
856,IA_medio,18,Derrota,5,True
856,IA_dificil,19,Victoria,6,False
857,IA_facil,18,Derrota,7,True
857,IA_medio,17,Derrota,5,True
857,IA_dificil,19,Victoria,5,True
858,IA_facil,17,Derrota,4,True
858,IA_medio,20,Victoria,5,False
858,IA_dificil,19,Derrota,4,True
859,IA_facil,17,Derrota,7,True
859,IA_medio,17,Derrota,5,True
859,IA_dificil,18,Victoria,8,False
860,IA_facil,19,Derrota,4,True
860,IA_medio,17,Derrota,5,True
860,IA_dificil,21,Victoria,7,False
861,IA_facil,13,Derrota,5,False
861,IA_medio,19,Derrota,4,True
861,IA_dificil,21,Victoria,5,False
862,IA_facil,19,Derrota,5,True
862,IA_medio,20,Victoria,6,False
862,IA_dificil,17,Derrota,5,True
863,IA_facil,19,Victoria,7,True
863,IA_medio,22,Derrota,5,True
863,IA_dificil,17,Derrota,6,True
864,IA_facil,18,Empate,4,True
864,IA_medio,18,Empate,6,False
864,IA_dificil,17,Derrota,5,True
865,IA_facil,18,Empate,5,True
865,IA_medio,17,Derrota,6,True
865,IA_dificil,18,Empate,4,True
866,IA_facil,19,Victoria,4,True
866,IA_medio,17,Derrota,5,True
866,IA_dificil,17,Derrota,5,True
867,IA_facil,18,Empate,6,True
867,IA_medio,18,Empate,4,True
867,IA_dificil,22,Derrota,5,True
868,IA_facil,18,Empate,6,True
868,IA_medio,17,Derrota,6,True
868,IA_dificil,18,Empate,4,True
869,IA_facil,18,Derrota,5,True
869,IA_medio,17,Derrota,7,True
869,IA_dificil,19,Victoria,4,True
870,IA_facil,21,Victoria,6,False
870,IA_medio,13,Derrota,5,False
870,IA_dificil,18,Derrota,4,True
871,IA_facil,20,Victoria,5,True
871,IA_medio,17,Derrota,5,True
871,IA_dificil,22,Derrota,5,True
872,IA_facil,20,Victoria,7,True
872,IA_medio,18,Derrota,5,True
872,IA_dificil,22,Derrota,5,True
873,IA_facil,21,Victoria,5,False
873,IA_medio,12,Derrota,4,False
873,IA_dificil,9,Derrota,4,False
874,IA_facil,19,Derrota,5,True
874,IA_medio,22,Derrota,5,True
874,IA_dificil,21,Victoria,7,False
875,IA_facil,17,Derrota,5,True
875,IA_medio,18,Derrota,6,True
875,IA_dificil,20,Victoria,5,True
876,IA_facil,19,Empate,5,False
876,IA_medio,17,Derrota,4,True
876,IA_dificil,19,Empate,4,True
877,IA_facil,17,Derrota,6,True
877,IA_medio,20,Empate,5,True
877,IA_dificil,20,Empate,9,False
878,IA_facil,21,Victoria,7,False
878,IA_medio,19,Derrota,5,True
878,IA_dificil,19,Derrota,5,True
879,IA_facil,22,Derrota,5,True
879,IA_medio,19,Victoria,4,True
879,IA_dificil,17,Derrota,5,True
880,IA_facil,21,Victoria,6,False
880,IA_medio,15,Derrota,5,False
880,IA_dificil,14,Derrota,5,False
881,IA_facil,14,Derrota,6,False
881,IA_medio,21,Victoria,6,False
881,IA_dificil,19,Derrota,4,True
882,IA_facil,20,Victoria,9,False
882,IA_medio,19,Derrota,5,True
882,IA_dificil,17,Derrota,5,True
883,IA_facil,17,Derrota,5,True
883,IA_medio,21,Victoria,6,False
883,IA_dificil,18,Derrota,4,True
884,IA_facil,17,Derrota,4,True
884,IA_medio,18,Derrota,4,True
884,IA_dificil,19,Victoria,5,False
885,IA_facil,18,Derrota,5,False
885,IA_medio,17,Derrota,4,True
885,IA_dificil,21,Victoria,5,False
886,IA_facil,18,Victoria,5,True
886,IA_medio,17,Derrota,6,True
886,IA_dificil,17,Derrota,6,True
887,IA_facil,17,Derrota,5,True
887,IA_medio,21,Victoria,6,False
887,IA_dificil,18,Derrota,5,False
888,IA_facil,18,Empate,4,True
888,IA_medio,18,Empate,5,True
888,IA_dificil,18,Empate,6,False
889,IA_facil,18,Derrota,6,True
889,IA_medio,17,Derrota,5,True
889,IA_dificil,19,Victoria,6,True
890,IA_facil,17,Derrota,5,False
890,IA_medio,14,Derrota,5,False
890,IA_dificil,21,Victoria,5,False
891,IA_facil,20,Victoria,5,True
891,IA_medio,17,Derrota,5,True
891,IA_dificil,17,Derrota,7,True
892,IA_facil,17,Derrota,5,True
892,IA_medio,18,Victoria,5,True
892,IA_dificil,17,Derrota,5,True
893,IA_facil,17,Empate,5,True
893,IA_medio,17,Empate,4,True
893,IA_dificil,17,Empate,8,False
894,IA_facil,18,Derrota,5,True
894,IA_medio,19,Victoria,5,True
894,IA_dificil,18,Derrota,5,True
895,IA_facil,21,Victoria,7,False
895,IA_medio,14,Derrota,6,False
895,IA_dificil,18,Derrota,5,True
896,IA_facil,17,Derrota,5,True
896,IA_medio,22,Derrota,5,True
896,IA_dificil,19,Victoria,6,True
897,IA_facil,13,Derrota,4,False
897,IA_medio,21,Victoria,4,False
897,IA_dificil,11,Derrota,3,False
898,IA_facil,19,Empate,4,True
898,IA_medio,18,Derrota,5,True
898,IA_dificil,19,Empate,5,True
899,IA_facil,17,Derrota,5,True
899,IA_medio,17,Derrota,5,True
899,IA_dificil,18,Victoria,5,True
900,IA_facil,19,Victoria,4,True
900,IA_medio,17,Derrota,6,True
900,IA_dificil,17,Derrota,5,True
901,IA_facil,18,Victoria,7,False
901,IA_medio,17,Derrota,6,True
901,IA_dificil,17,Derrota,5,True
902,IA_facil,20,Victoria,4,True
902,IA_medio,18,Derrota,7,True
902,IA_dificil,18,Derrota,5,True
903,IA_facil,18,Empate,5,True
903,IA_medio,17,Derrota,7,True
903,IA_dificil,18,Empate,4,True
904,IA_facil,19,Empate,4,True
904,IA_medio,18,Derrota,6,True
904,IA_dificil,19,Empate,4,True
905,IA_facil,20,Derrota,4,True
905,IA_medio,21,Victoria,6,False
905,IA_dificil,14,Derrota,5,False
906,IA_facil,18,Derrota,6,True
906,IA_medio,20,Victoria,6,True
906,IA_dificil,19,Derrota,4,True
907,IA_facil,18,Derrota,4,True
907,IA_medio,19,Empate,6,True
907,IA_dificil,19,Empate,6,True
908,IA_facil,18,Derrota,5,True
908,IA_medio,18,Derrota,8,True
908,IA_dificil,19,Victoria,6,True
909,IA_facil,18,Victoria,4,True
909,IA_medio,17,Derrota,5,True
909,IA_dificil,17,Derrota,5,True
910,IA_facil,20,Derrota,5,False
910,IA_medio,21,Victoria,5,False
910,IA_dificil,16,Derrota,4,False
911,IA_facil,19,Derrota,4,True
911,IA_medio,18,Derrota,5,True
911,IA_dificil,20,Victoria,5,True
912,IA_facil,18,Derrota,4,True
912,IA_medio,20,Empate,5,True
912,IA_dificil,20,Empate,6,False
913,IA_facil,20,Victoria,5,True
913,IA_medio,22,Derrota,8,True
913,IA_dificil,19,Derrota,5,True
914,IA_facil,17,Derrota,4,True
914,IA_medio,18,Victoria,6,False
914,IA_dificil,17,Derrota,4,True
915,IA_facil,20,Empate,4,True
915,IA_medio,18,Derrota,8,True
915,IA_dificil,20,Empate,5,True
916,IA_facil,21,Victoria,7,False
916,IA_medio,18,Derrota,4,True
916,IA_dificil,17,Derrota,6,False
917,IA_facil,21,Victoria,7,False
917,IA_medio,18,Derrota,4,True
917,IA_dificil,17,Derrota,5,True
918,IA_facil,19,Empate,4,True
918,IA_medio,18,Derrota,5,True
918,IA_dificil,19,Empate,7,False
919,IA_facil,17,Derrota,3,True
919,IA_medio,17,Derrota,7,True
919,IA_dificil,19,Victoria,4,True
920,IA_facil,17,Derrota,5,True
920,IA_medio,18,Empate,5,True
920,IA_dificil,18,Empate,6,False
921,IA_facil,18,Victoria,6,True
921,IA_medio,17,Derrota,6,True
921,IA_dificil,17,Derrota,6,True
922,IA_facil,21,Victoria,5,False
922,IA_medio,16,Derrota,4,False
922,IA_dificil,14,Derrota,4,False
923,IA_facil,19,Derrota,7,True
923,IA_medio,18,Derrota,7,True
923,IA_dificil,20,Victoria,7,True
924,IA_facil,17,Derrota,3,True
924,IA_medio,19,Victoria,8,False
924,IA_dificil,18,Derrota,4,True
925,IA_facil,19,Victoria,4,True
925,IA_medio,17,Derrota,6,True
925,IA_dificil,17,Derrota,5,True
926,IA_facil,22,Derrota,5,True
926,IA_medio,21,Victoria,5,False
926,IA_dificil,12,Derrota,4,False
927,IA_facil,19,Derrota,5,True
927,IA_medio,14,Derrota,6,False
927,IA_dificil,21,Victoria,6,False
928,IA_facil,17,Derrota,5,True
928,IA_medio,18,Derrota,5,True
928,IA_dificil,20,Victoria,5,True
929,IA_facil,19,Derrota,4,True
929,IA_medio,18,Derrota,5,True
929,IA_dificil,20,Victoria,7,False
930,IA_facil,16,Derrota,6,False
930,IA_medio,18,Derrota,3,True
930,IA_dificil,21,Victoria,6,False
931,IA_facil,20,Empate,7,False
931,IA_medio,20,Empate,6,True
931,IA_dificil,19,Derrota,6,True
932,IA_facil,17,Derrota,3,True
932,IA_medio,19,Derrota,5,True
932,IA_dificil,21,Victoria,7,False
933,IA_facil,19,Derrota,5,True
933,IA_medio,17,Derrota,5,True
933,IA_dificil,21,Victoria,7,False
934,IA_facil,19,Derrota,6,False
934,IA_medio,22,Derrota,5,True
934,IA_dificil,21,Victoria,6,False
935,IA_facil,18,Empate,5,False
935,IA_medio,17,Derrota,4,True
935,IA_dificil,18,Empate,4,True
936,IA_facil,22,Derrota,6,True
936,IA_medio,20,Victoria,8,True
936,IA_dificil,17,Derrota,6,True
937,IA_facil,18,Derrota,4,True
937,IA_medio,17,Derrota,5,True
937,IA_dificil,19,Victoria,5,True
938,IA_facil,17,Derrota,3,True
938,IA_medio,18,Derrota,6,True
938,IA_dificil,20,Victoria,7,False
939,IA_facil,18,Derrota,6,True
939,IA_medio,19,Empate,7,False
939,IA_dificil,19,Empate,5,True
940,IA_facil,18,Derrota,7,True
940,IA_medio,17,Derrota,6,True
940,IA_dificil,20,Victoria,5,True
941,IA_facil,17,Empate,4,True
941,IA_medio,17,Empate,5,True
941,IA_dificil,17,Empate,5,True
942,IA_facil,21,Victoria,8,False
942,IA_medio,17,Derrota,6,True
942,IA_dificil,20,Derrota,5,True
943,IA_facil,19,Derrota,5,True
943,IA_medio,20,Victoria,10,False
943,IA_dificil,17,Derrota,6,True
944,IA_facil,17,Empate,4,True
944,IA_medio,17,Empate,5,False
944,IA_dificil,17,Empate,3,True
945,IA_facil,19,Victoria,5,True
945,IA_medio,18,Derrota,6,True
945,IA_dificil,17,Derrota,6,True
946,IA_facil,19,Victoria,5,True
946,IA_medio,17,Derrota,5,True
946,IA_dificil,18,Derrota,7,True
947,IA_facil,18,Derrota,6,True
947,IA_medio,20,Empate,4,True
947,IA_dificil,20,Empate,6,True
948,IA_facil,18,Empate,4,True
948,IA_medio,18,Empate,4,True
948,IA_dificil,18,Empate,5,False
949,IA_facil,18,Empate,5,True
949,IA_medio,18,Empate,4,True
949,IA_dificil,17,Derrota,7,True
950,IA_facil,20,Empate,6,True
950,IA_medio,18,Derrota,5,True
950,IA_dificil,20,Empate,7,False
951,IA_facil,19,Victoria,6,True
951,IA_medio,17,Derrota,7,True
951,IA_dificil,18,Derrota,4,True
952,IA_facil,20,Derrota,6,False
952,IA_medio,21,Victoria,6,False
952,IA_dificil,19,Derrota,5,False
953,IA_facil,18,Derrota,4,True
953,IA_medio,18,Derrota,6,True
953,IA_dificil,20,Victoria,7,False
954,IA_facil,18,Derrota,4,True
954,IA_medio,19,Victoria,5,True
954,IA_dificil,22,Derrota,4,True
955,IA_facil,18,Derrota,4,True
955,IA_medio,19,Victoria,6,True
955,IA_dificil,18,Derrota,7,True
956,IA_facil,19,Victoria,5,True
956,IA_medio,18,Derrota,4,True
956,IA_dificil,17,Derrota,6,True
957,IA_facil,17,Empate,5,True
957,IA_medio,22,Derrota,4,True
957,IA_dificil,17,Empate,6,True
958,IA_facil,18,Derrota,6,True
958,IA_medio,17,Derrota,5,True
958,IA_dificil,20,Victoria,6,True
959,IA_facil,18,Derrota,4,True
959,IA_medio,18,Derrota,6,True
959,IA_dificil,19,Victoria,6,True
960,IA_facil,18,Empate,5,True
960,IA_medio,18,Empate,5,True
960,IA_dificil,18,Empate,6,False
961,IA_facil,21,Victoria,6,False
961,IA_medio,12,Derrota,5,False
961,IA_dificil,14,Derrota,5,False
962,IA_facil,22,Derrota,6,True
962,IA_medio,20,Victoria,5,True
962,IA_dificil,19,Derrota,5,True
963,IA_facil,19,Derrota,6,True
963,IA_medio,17,Derrota,5,True
963,IA_dificil,20,Victoria,6,True
964,IA_facil,12,Derrota,4,False
964,IA_medio,10,Derrota,4,False
964,IA_dificil,21,Victoria,4,False
965,IA_facil,17,Derrota,4,True
965,IA_medio,17,Derrota,5,True
965,IA_dificil,18,Victoria,6,False
966,IA_facil,19,Victoria,5,True
966,IA_medio,18,Derrota,5,True
966,IA_dificil,18,Derrota,5,True
967,IA_facil,18,Derrota,7,True
967,IA_medio,19,Victoria,8,False
967,IA_dificil,17,Derrota,6,True
968,IA_facil,19,Victoria,4,True
968,IA_medio,18,Derrota,8,True
968,IA_dificil,17,Derrota,6,True
969,IA_facil,18,Derrota,5,True
969,IA_medio,17,Derrota,6,True
969,IA_dificil,19,Victoria,5,True
970,IA_facil,19,Victoria,4,True
970,IA_medio,22,Derrota,6,True
970,IA_dificil,17,Derrota,4,True
971,IA_facil,17,Derrota,4,True
971,IA_medio,21,Victoria,5,False
971,IA_dificil,10,Derrota,4,False
972,IA_facil,19,Derrota,5,True
972,IA_medio,17,Derrota,5,True
972,IA_dificil,20,Victoria,6,False
973,IA_facil,20,Empate,6,True
973,IA_medio,20,Empate,7,False
973,IA_dificil,20,Empate,5,True
974,IA_facil,17,Empate,4,True
974,IA_medio,17,Empate,5,True
974,IA_dificil,22,Derrota,9,True
975,IA_facil,18,Victoria,5,True
975,IA_medio,17,Derrota,7,True
975,IA_dificil,17,Derrota,6,True
976,IA_facil,22,Derrota,6,True
976,IA_medio,18,Empate,8,True
976,IA_dificil,18,Empate,4,True
977,IA_facil,18,Derrota,6,True
977,IA_medio,19,Derrota,6,True
977,IA_dificil,20,Victoria,5,True
978,IA_facil,20,Victoria,4,True
978,IA_medio,18,Derrota,4,True
978,IA_dificil,17,Derrota,4,True
979,IA_facil,15,Derrota,4,False
979,IA_medio,21,Victoria,4,False
979,IA_dificil,3,Derrota,3,False
980,IA_facil,19,Derrota,5,True
980,IA_medio,20,Victoria,5,True
980,IA_dificil,18,Derrota,8,True
981,IA_facil,18,Derrota,5,True
981,IA_medio,19,Victoria,4,True
981,IA_dificil,17,Derrota,4,True
982,IA_facil,17,Derrota,6,True
982,IA_medio,20,Victoria,6,True
982,IA_dificil,17,Derrota,4,True
983,IA_facil,20,Victoria,8,False
983,IA_medio,17,Derrota,4,True
983,IA_dificil,19,Derrota,4,True
984,IA_facil,20,Victoria,6,True
984,IA_medio,19,Derrota,6,True
984,IA_dificil,18,Derrota,6,True
985,IA_facil,17,Derrota,4,True
985,IA_medio,19,Empate,6,True
985,IA_dificil,19,Empate,8,False
986,IA_facil,21,Victoria,4,False
986,IA_medio,10,Derrota,3,False
986,IA_dificil,4,Derrota,3,False
987,IA_facil,18,Derrota,5,True
987,IA_medio,19,Victoria,5,True
987,IA_dificil,22,Derrota,7,True
988,IA_facil,17,Derrota,7,True
988,IA_medio,19,Empate,4,True
988,IA_dificil,19,Empate,6,True
989,IA_facil,21,Victoria,5,False
989,IA_medio,13,Derrota,4,False
989,IA_dificil,18,Derrota,4,False
990,IA_facil,17,Derrota,4,True
990,IA_medio,17,Derrota,4,True
990,IA_dificil,18,Victoria,4,True
991,IA_facil,18,Empate,4,True
991,IA_medio,18,Empate,7,False
991,IA_dificil,18,Empate,5,True
992,IA_facil,21,Victoria,6,False
992,IA_medio,19,Derrota,5,False
992,IA_dificil,18,Derrota,5,False
993,IA_facil,17,Derrota,4,True
993,IA_medio,18,Derrota,5,True
993,IA_dificil,20,Victoria,4,True
994,IA_facil,17,Empate,4,True
994,IA_medio,17,Empate,5,True
994,IA_dificil,17,Empate,5,True
995,IA_facil,17,Derrota,5,True
995,IA_medio,19,Victoria,4,True
995,IA_dificil,18,Derrota,5,True
996,IA_facil,17,Derrota,6,True
996,IA_medio,19,Empate,5,True
996,IA_dificil,19,Empate,7,False
997,IA_facil,21,Victoria,5,False
997,IA_medio,14,Derrota,4,False
997,IA_dificil,12,Derrota,4,False
998,IA_facil,17,Derrota,4,True
998,IA_medio,20,Victoria,5,False
998,IA_dificil,18,Derrota,3,True
999,IA_facil,18,Victoria,5,True
999,IA_medio,17,Derrota,5,True
999,IA_dificil,22,Derrota,7,True
1000,IA_facil,18,Derrota,6,True
1000,IA_medio,19,Victoria,4,True
1000,IA_dificil,17,Derrota,6,True
